tau,diff_Eeta_variance
0.0293513354857646,0.0
0.0587026709715292,0.0
0.08805400645729382,0.0
0.1174053419430584,0.0
0.146756677428823,0.0
0.17610801291458764,0.0
0.20545934840035224,0.0
0.2348106838861168,0.0
0.26416201937188144,0.0
0.293513354857646,0.0
0.3228646903434106,0.0
0.35221602582917527,0.0
0.38156736131493985,0.0
0.4109186968007045,0.0
0.44027003228646905,0.0
0.4696213677722336,0.0
0.4989727032579983,0.0
0.5283240387437629,0.0
0.5576753742295274,0.0
0.587026709715292,0.0
0.6163780452010568,0.0
0.6457293806868212,0.0
0.6750807161725859,0.0
0.7044320516583505,0.0
0.7337833871441152,0.0
0.7631347226298797,0.0
0.7924860581156443,0.0
0.821837393601409,0.0
0.8511887290871735,0.0
0.8805400645729381,0.0
0.9098914000587026,0.0
0.9392427355444672,0.0
0.968594071030232,0.0
0.9979454065159966,0.0
1.0272967420017611,0.0
1.0566480774875258,0.0
1.0859994129732904,0.0
1.1153507484590548,0.0
1.1447020839448196,0.0
1.174053419430584,0.0
1.2034047549163487,0.0
1.2327560904021135,0.0
1.262107425887878,0.0
1.2914587613736423,0.0
1.3208100968594072,0.0
1.3501614323451718,0.0
1.3795127678309362,0.0
1.408864103316701,0.0
1.4382154388024657,0.0
1.4675667742882303,0.0
1.4969181097739948,0.0
1.5262694452597594,0.0
1.5556207807455238,0.0
1.5849721162312886,0.0
1.6143234517170533,0.0
1.643674787202818,0.0
1.6730261226885823,0.0
1.702377458174347,0.0
1.7317287936601118,0.0
1.7610801291458762,0.0
1.7904314646316408,0.0
1.8197828001174052,0.0
1.8491341356031699,0.0
1.8784854710889345,0.0
1.9078368065746996,0.0
1.937188142060464,0.0
1.9665394775462286,0.0
1.9958908130319932,0.0
2.0252421485177576,0.0
2.0545934840035223,0.0
2.083944819489287,0.0
2.1132961549750515,0.0
2.142647490460816,0.0
2.171998825946581,0.0
2.2013501614323454,0.0
2.2307014969181096,0.0
2.2600528324038747,0.0
2.2894041678896393,0.0
2.3187555033754035,0.0
2.348106838861168,0.0
2.3774581743469327,0.0
2.4068095098326974,0.0
2.436160845318462,0.0
2.465512180804227,0.0
2.4948635162899917,0.0
2.524214851775756,0.0
2.5535661872615205,0.0
2.5829175227472847,0.0
2.6122688582330493,0.0
2.6416201937188144,0.0
2.670971529204579,0.0
2.7003228646903437,0.0
2.7296742001761083,0.0
2.7590255356618725,0.0
2.788376871147637,0.0
2.817728206633402,0.0
2.847079542119167,0.0
2.8764308776049314,0.0
2.905782213090696,0.0
2.9351335485764607,0.0
2.964484884062225,0.0
2.9938362195479895,0.0
3.023187555033754,0.0
3.0525388905195188,0.0
3.0818902260052834,0.0
3.1112415614910476,0.0
3.1405928969768127,0.0
3.1699442324625773,0.0
3.199295567948342,0.0
3.2286469034341065,0.0
3.257998238919871,0.0
3.287349574405636,0.0
3.3167009098914,0.0
3.3460522453771646,0.0
3.3754035808629292,0.0
3.404754916348694,0.0
3.434106251834459,0.0
3.4634575873202236,0.0
3.4928089228059878,0.0
3.5221602582917524,0.0
3.551511593777517,0.0
3.5808629292632816,0.0
3.6102142647490463,0.0
3.6395656002348105,0.0
3.668916935720575,0.0
3.6982682712063397,0.0
3.7276196066921043,0.0
3.756970942177869,0.0
3.786322277663633,0.0
3.815673613149399,0.0
3.8450249486351638,0.0
3.874376284120928,0.0
3.9037276196066926,0.0
3.933078955092457,0.0
3.962430290578222,0.0
3.9917816260639865,0.0
4.021132961549751,0.0
4.050484297035515,0.0
4.07983563252128,0.0
4.1091869680070445,0.0
4.138538303492809,0.0
4.167889638978574,0.0
4.197240974464338,0.0
4.226592309950103,0.0
4.255943645435868,0.0
4.285294980921632,0.0
4.314646316407397,0.0
4.343997651893162,0.0
4.373348987378926,0.0
4.402700322864691,0.0
4.4320516583504554,0.0
4.461402993836219,0.0
4.490754329321984,0.0
4.520105664807749,0.0
4.549457000293514,0.0
4.578808335779279,0.0
4.608159671265043,0.0
4.637511006750807,0.0
4.666862342236572,0.0
4.696213677722336,0.0
4.725565013208101,0.0
4.7549163486938655,0.0
4.78426768417963,0.0
4.813619019665395,0.0
4.842970355151159,0.0
4.872321690636924,0.0
4.9016730261226895,0.0
4.931024361608454,0.0
4.960375697094219,0.0
4.989727032579983,0.0
5.019078368065747,0.0
5.048429703551512,0.0
5.077781039037276,0.0
5.107132374523041,0.0
5.136483710008805,0.0
5.165835045494569,0.0
5.195186380980334,0.0
5.224537716466099,0.0
5.253889051951864,0.0
5.283240387437629,0.0
5.312591722923393,0.0
5.341943058409158,0.0
5.371294393894923,0.0
5.400645729380687,0.0
5.429997064866452,0.0
5.459348400352217,0.0
5.488699735837981,0.0
5.518051071323745,0.0
5.54740240680951,0.0
5.576753742295274,0.0
5.60610507778104,0.0
5.635456413266804,0.0
5.664807748752569,0.0
5.694159084238334,0.0
5.723510419724098,0.0
5.752861755209863,0.0
5.7822130906956275,0.0
5.811564426181392,0.0
5.840915761667157,0.0
5.870267097152921,0.0
5.899618432638685,0.0
5.92896976812445,0.0
5.958321103610214,0.0
5.987672439095979,0.0
6.017023774581744,0.0
6.046375110067508,0.0
6.075726445553273,0.0
6.1050777810390375,0.0
6.134429116524802,0.0
6.163780452010567,0.0
6.193131787496331,0.0
6.222483122982095,0.0
6.25183445846786,0.0
6.281185793953625,0.0
6.310537129439389,0.0
6.339888464925155,0.0
6.369239800410918,0.0
6.398591135896684,0.0
6.427942471382448,0.0
6.457293806868213,0.0
6.486645142353977,0.0
6.515996477839742,0.0
6.545347813325508,0.0
6.574699148811272,0.0
6.604050484297037,0.0
6.6334018197828,0.0
6.6627531552685655,0.0
6.692104490754329,0.0
6.721455826240095,0.0
6.7508071617258585,0.0
6.780158497211624,0.0
6.809509832697388,0.0
6.838861168183153,0.0
6.868212503668918,0.0
6.8975638391546825,0.0
6.926915174640447,0.0
6.956266510126212,0.0
6.9856178456119755,0.0
7.01496918109774,0.0
7.044320516583505,0.0
7.073671852069269,0.0
7.103023187555034,0.0
7.132374523040799,0.0
7.161725858526563,0.0
7.191077194012328,0.0
7.2204285294980926,0.0
7.249779864983858,0.0
7.279131200469621,0.0
7.308482535955387,0.0
7.33783387144115,0.0
7.367185206926916,0.0
7.396536542412679,0.0
7.425887877898445,0.0
7.455239213384209,0.0
7.484590548869974,0.0
7.513941884355738,0.0
7.5432932198415035,0.0
7.572644555327266,0.0
7.601995890813033,0.0
7.631347226298798,0.0
7.660698561784561,0.0
7.6900498972703275,0.0
7.71940123275609,0.0
7.748752568241856,0.0
7.77810390372762,0.0
7.807455239213385,0.0
7.836806574699149,0.0
7.866157910184914,0.0
7.895509245670678,0.0
7.924860581156444,0.0
7.954211916642208,0.0
7.983563252127973,0.0
8.012914587613738,0.0
8.042265923099501,0.0
8.071617258585267,0.0
8.10096859407103,0.0
8.130319929556796,0.0
8.15967126504256,0.0
8.189022600528324,0.0
8.218373936014089,0.0
8.247725271499853,0.0
8.277076606985618,0.0
8.306427942471382,0.0
8.335779277957148,0.0
8.365130613442911,0.0
8.394481948928677,0.0
8.42383328441444,0.0
8.453184619900206,0.0
8.48253595538597,0.0
8.511887290871735,0.0
8.541238626357499,0.0
8.570589961843265,0.0
8.599941297329028,0.0
8.629292632814794,0.0
8.658643968300558,0.0
8.687995303786323,0.0
8.717346639272089,0.0
8.746697974757852,0.0
8.776049310243618,0.0
8.805400645729382,0.0
8.834751981215147,0.0
8.864103316700911,0.0
8.893454652186676,0.0
8.922805987672438,0.0
8.952157323158206,0.0
8.981508658643968,0.0
9.010859994129733,0.0
9.040211329615499,0.0
9.069562665101262,0.0
9.098914000587028,0.0
9.128265336072792,0.0
9.157616671558557,0.0
9.186968007044321,0.0
9.216319342530086,0.0
9.24567067801585,0.0
9.275022013501614,0.0
9.30437334898738,0.0
9.333724684473143,0.0
9.363076019958909,0.0
9.392427355444672,0.0
9.421778690930438,0.0
9.451130026416202,0.0
9.480481361901967,0.0
9.509832697387731,0.0
9.539184032873496,0.0
9.56853536835926,0.0
9.597886703845026,0.0
9.62723803933079,0.0
9.656589374816555,0.0
9.685940710302319,0.0
9.715292045788084,0.0
9.744643381273848,0.0
9.773994716759614,0.0
9.803346052245379,0.0
9.832697387731143,0.0
9.862048723216908,0.0
9.891400058702672,0.0
9.920751394188438,0.0
9.9501027296742,0.0
9.979454065159967,0.0
10.008805400645729,0.0
10.038156736131494,0.0
10.067508071617258,0.0
10.096859407103024,0.0
10.126210742588789,0.0
10.155562078074553,0.0
10.184913413560318,0.0
10.214264749046082,0.0
10.243616084531848,0.0
10.27296742001761,0.0
10.302318755503377,0.0
10.331670090989139,0.0
10.361021426474904,0.0
10.390372761960668,0.0
10.419724097446434,0.0
10.449075432932197,0.0
10.478426768417963,0.0
10.507778103903728,0.0
10.537129439389492,0.0
10.566480774875258,0.0
10.595832110361021,0.0
10.625183445846787,0.0
10.65453478133255,0.0
10.683886116818316,0.0
10.71323745230408,0.0
10.742588787789845,0.0
10.77194012327561,0.0
10.801291458761375,0.0
10.83064279424714,0.0
10.859994129732904,0.0
10.88934546521867,0.0
10.918696800704433,0.0
10.948048136190199,0.0
10.977399471675962,0.0
11.006750807161728,0.0
11.03610214264749,0.0
11.065453478133257,0.0
11.09480481361902,0.0
11.124156149104785,0.0
11.153507484590548,0.0
11.182858820076314,0.0
11.21221015556208,0.0
11.241561491047843,0.0
11.270912826533609,0.0
11.300264162019372,0.0
11.329615497505138,0.0
11.358966832990902,0.0
11.388318168476667,0.0
11.417669503962431,0.0
11.447020839448196,0.0
11.47637217493396,0.0
11.505723510419726,0.0
11.53507484590549,0.0
11.564426181391255,0.0
11.593777516877019,0.0
11.623128852362784,0.0
11.65248018784855,0.0
11.681831523334314,0.0
11.711182858820079,0.0
11.740534194305843,0.0
11.769885529791608,0.0
11.79923686527737,0.0
11.828588200763138,0.0
11.8579395362489,0.0
11.887290871734665,0.0
11.916642207220429,0.0
11.945993542706194,0.0
11.975344878191958,0.0
12.004696213677724,0.0
12.034047549163487,0.0
12.063398884649253,0.0
12.092750220135017,0.0
12.122101555620782,0.0
12.151452891106546,0.0
12.180804226592311,0.0
12.210155562078075,0.0
12.23950689756384,0.0
12.268858233049604,0.0
12.29820956853537,0.0
12.327560904021134,0.0
12.356912239506899,0.0
12.386263574992663,0.0
12.415614910478428,0.0
12.44496624596419,0.0
12.474317581449958,0.0
12.50366891693572,0.0
12.533020252421485,0.0
12.56237158790725,0.0
12.591722923393014,0.0
12.621074258878778,0.0
12.650425594364545,0.0
12.67977692985031,0.0
12.709128265336073,0.0
12.738479600821837,0.0
12.767830936307604,0.0
12.797182271793368,0.0
12.826533607279131,0.0
12.855884942764895,0.0
12.885236278250662,0.0
12.914587613736426,0.0
12.94393894922219,0.0
12.973290284707954,0.0
13.002641620193721,0.0
13.031992955679485,0.0
13.061344291165248,0.0
13.090695626651016,0.0
13.12004696213678,0.0
13.149398297622543,0.0
13.178749633108305,0.0
13.208100968594074,0.0
13.237452304079838,0.0
13.2668036395656,0.0
13.296154975051364,0.0
13.325506310537131,0.0
13.354857646022895,0.0
13.384208981508658,0.0
13.413560316994424,0.0
13.44291165248019,0.0
13.472262987965953,0.0
13.501614323451717,0.0
13.530965658937482,0.0
13.560316994423248,0.0
13.589668329909012,0.0
13.619019665394775,0.0
13.648371000880541,0.0
13.677722336366307,0.0
13.70707367185207,0.0
13.736425007337836,0.0
13.765776342823601,0.0
13.795127678309365,0.0
13.824479013795129,0.0
13.853830349280894,0.0
13.88318168476666,0.0
13.912533020252424,0.0
13.941884355738186,0.0
13.971235691223951,0.0
14.000587026709718,0.0
14.02993836219548,0.0
14.059289697681244,0.0
14.08864103316701,0.0
14.117992368652775,0.0
14.147343704138539,0.0
14.176695039624304,0.0
14.206046375110068,0.0
14.235397710595834,0.0
14.264749046081597,0.0
14.294100381567363,0.0
14.323451717053127,0.0
14.352803052538892,0.0
14.382154388024656,0.0
14.411505723510421,0.0
14.440857058996185,0.0
14.47020839448195,0.0
14.499559729967716,0.0
14.52891106545348,0.0
14.558262400939242,0.0
14.58761373642501,0.0
14.616965071910775,0.0
14.646316407396537,0.0
14.6756677428823,0.0
14.705019078368066,0.0
14.734370413853831,0.0
14.763721749339595,0.0
14.793073084825359,0.0
14.822424420311126,0.0
14.85177575579689,0.0
14.881127091282654,0.0
14.910478426768417,0.0
14.939829762254185,0.0
14.969181097739948,0.0
14.998532433225712,0.0
15.027883768711476,0.0
15.057235104197243,0.0
15.086586439683007,0.0
15.11593777516877,0.0
15.145289110654533,0.0
15.174640446140302,0.0
15.203991781626065,0.0
15.233343117111827,0.0
15.262694452597596,0.0
15.29204578808336,0.0
15.321397123569122,0.0
15.350748459054886,0.0
15.380099794540655,0.0
15.409451130026417,0.0
15.43880246551218,0.0
15.468153800997944,0.0
15.497505136483712,0.0
15.526856471969475,0.0
15.55620780745524,0.0
15.585559142941005,0.0
15.61491047842677,0.0
15.644261813912534,0.0
15.673613149398298,0.0
15.702964484884063,0.0
15.732315820369829,0.0
15.761667155855593,0.0
15.791018491341356,0.0
15.820369826827122,0.0
15.849721162312887,0.0
15.879072497798651,0.0
15.908423833284417,0.0
15.937775168770182,0.0
15.967126504255946,0.0
15.996477839741708,0.0
16.025829175227475,0.0
16.05518051071324,0.0
16.084531846199003,0.0
16.113883181684766,0.0
16.143234517170534,0.0
16.172585852656297,0.0
16.20193718814206,0.0
16.231288523627825,0.0
16.260639859113592,0.0
16.289991194599356,0.0
16.31934253008512,0.0
16.348693865570887,0.0
16.378045201056647,0.0
16.407396536542414,0.0
16.436747872028178,0.0
16.466099207513942,0.0
16.495450542999706,0.0
16.524801878485473,0.0
16.554153213971237,0.0
16.583504549457,0.0
16.612855884942764,0.0
16.64220722042853,0.0
16.671558555914295,0.0
16.70090989140006,0.0
16.730261226885823,0.0
16.75961256237159,0.0
16.788963897857354,0.0
16.818315233343117,0.0
16.84766656882888,0.0
16.87701790431465,0.0
16.906369239800412,0.0
16.935720575286176,0.0
16.96507191077194,0.0
16.994423246257707,0.0
17.02377458174347,0.0
17.053125917229234,0.0
17.082477252714998,0.0
17.111828588200765,0.0
17.14117992368653,0.0
17.170531259172293,0.0
17.199882594658057,0.0
17.229233930143824,0.0
17.258585265629588,0.0
17.28793660111535,0.0
17.317287936601115,0.0
17.346639272086882,0.0
17.375990607572646,0.0
17.40534194305841,0.0
17.434693278544177,0.0
17.46404461402994,0.0
17.493395949515705,0.0
17.52274728500147,0.0
17.552098620487236,0.0
17.581449955973,0.0
17.610801291458763,0.0
17.640152626944527,0.0
17.669503962430294,0.0
17.698855297916058,0.0
17.728206633401822,0.0
17.757557968887586,0.0
17.786909304373353,0.0
17.816260639859117,0.0
17.845611975344877,0.0
17.874963310830644,0.0
17.90431464631641,0.0
17.93366598180217,0.0
17.963017317287935,0.0
17.992368652773706,0.0
18.021719988259466,0.0
18.05107132374523,0.0
18.080422659230997,0.0
18.10977399471676,0.0
18.139125330202525,0.0
18.16847666568829,0.0
18.197828001174056,0.0
18.22717933665982,0.0
18.256530672145583,0.0
18.285882007631347,0.0
18.315233343117114,0.0
18.344584678602878,0.0
18.373936014088642,0.0
18.403287349574406,0.0
18.432638685060173,0.0
18.461990020545937,0.0
18.4913413560317,0.0
18.520692691517468,0.0
18.550044027003228,0.0
18.579395362488995,0.0
18.60874669797476,0.0
18.638098033460523,0.0
18.667449368946286,0.0
18.696800704432054,0.0
18.726152039917817,0.0
18.75550337540358,0.0
18.784854710889345,0.0
18.814206046375112,0.0
18.843557381860876,0.0
18.87290871734664,0.0
18.902260052832403,0.0
18.93161138831817,0.0
18.960962723803934,0.0
18.990314059289698,0.0
19.019665394775462,0.0
19.04901673026123,0.0
19.078368065746993,0.0
19.107719401232757,0.0
19.13707073671852,0.0
19.166422072204288,0.0
19.19577340769005,0.0
19.225124743175815,0.0
19.25447607866158,0.0
19.283827414147346,0.0
19.31317874963311,0.0
19.342530085118874,0.0
19.371881420604637,0.0
19.401232756090405,0.0
19.43058409157617,0.0
19.459935427061932,0.0
19.489286762547696,0.0
19.518638098033463,0.0
19.547989433519227,0.0
19.57734076900499,0.0
19.606692104490758,0.0
19.636043439976522,0.0
19.665394775462286,0.0
19.69474611094805,0.0
19.724097446433817,0.0
19.75344878191958,0.0
19.782800117405344,0.0
19.812151452891108,0.0
19.841502788376875,0.0
19.87085412386264,0.0
19.9002054593484,0.0
19.929556794834166,0.0
19.958908130319934,0.0
19.988259465805694,0.0
20.017610801291458,0.0
20.046962136777225,0.0
20.07631347226299,0.0
20.105664807748752,0.0
20.135016143234516,0.0
20.164367478720283,0.0
20.193718814206047,0.0
20.22307014969181,0.0
20.252421485177578,0.0
20.281772820663342,0.0
20.311124156149106,0.0
20.34047549163487,0.0
20.369826827120637,0.0
20.3991781626064,0.0
20.428529498092164,0.0
20.457880833577924,0.0
20.487232169063695,0.0
20.51658350454946,0.0
20.54593484003522,0.0
20.575286175520983,0.0
20.604637511006754,0.0
20.633988846492514,0.0
20.663340181978278,0.0
20.69269151746405,0.0
20.72204285294981,0.0
20.751394188435572,0.0
20.780745523921336,0.0
20.810096859407103,0.0
20.839448194892867,0.0
20.86879953037863,0.0
20.898150865864395,0.0
20.927502201350162,0.0
20.956853536835926,0.0
20.98620487232169,0.0
21.015556207807457,0.0
21.04490754329322,0.0
21.074258878778984,0.0
21.103610214264748,0.0
21.132961549750515,0.0
21.16231288523628,0.0
21.191664220722043,0.0
21.221015556207806,0.0
21.250366891693574,0.0
21.279718227179337,0.0
21.3090695626651,0.0
21.33842089815087,0.0
21.367772233636632,0.0
21.397123569122396,0.0
21.42647490460816,0.0
21.455826240093927,0.0
21.48517757557969,0.0
21.514528911065455,0.0
21.54388024655122,0.0
21.573231582036986,0.0
21.60258291752275,0.0
21.631934253008513,0.0
21.66128558849428,0.0
21.690636923980044,0.0
21.719988259465808,0.0
21.74933959495157,0.0
21.77869093043734,0.0
21.808042265923103,0.0
21.837393601408866,0.0
21.86674493689463,0.0
21.896096272380397,0.0
21.92544760786616,0.0
21.954798943351925,0.0
21.984150278837685,0.0
22.013501614323456,0.0
22.04285294980922,0.0
22.07220428529498,0.0
22.10155562078075,0.0
22.130906956266514,0.0
22.160258291752275,0.0
22.18960962723804,0.0
22.21896096272381,0.0
22.24831229820957,0.0
22.277663633695333,0.0
22.307014969181097,0.0
22.336366304666864,0.0
22.365717640152628,0.0
22.39506897563839,0.0
22.42442031112416,0.0
22.453771646609923,0.0
22.483122982095686,0.0
22.51247431758145,0.0
22.541825653067217,0.0
22.57117698855298,0.0
22.600528324038745,0.0
22.62987965952451,0.0
22.659230995010276,0.0
22.68858233049604,0.0
22.717933665981803,0.0
22.74728500146757,0.0
22.776636336953334,0.0
22.805987672439098,0.0
22.835339007924862,0.0
22.86469034341063,0.0
22.894041678896393,0.0
22.923393014382157,0.0
22.95274434986792,0.0
22.982095685353688,0.0
23.01144702083945,0.0
23.040798356325215,0.0
23.07014969181098,0.0
23.099501027296746,0.0
23.12885236278251,0.0
23.158203698268274,0.0
23.187555033754037,0.0
23.216906369239805,0.0
23.24625770472557,0.0
23.275609040211332,0.0
23.3049603756971,0.0
23.334311711182863,0.0
23.363663046668627,0.0
23.39301438215439,0.0
23.422365717640158,0.0
23.451717053125922,0.0
23.481068388611686,0.0
23.510419724097446,0.0
23.539771059583217,0.0
23.56912239506898,0.0
23.59847373055474,0.0
23.627825066040504,0.0
23.657176401526275,0.0
23.686527737012035,0.0
23.7158790724978,0.0
23.745230407983563,0.0
23.77458174346933,0.0
23.803933078955094,0.0
23.833284414440858,0.0
23.86263574992662,0.0
23.89198708541239,0.0
23.921338420898152,0.0
23.950689756383916,0.0
23.98004109186968,0.0
24.009392427355447,0.0
24.03874376284121,0.0
24.068095098326975,0.0
24.09744643381274,0.0
24.126797769298506,0.0
24.15614910478427,0.0
24.185500440270033,0.0
24.214851775755797,0.0
24.244203111241564,0.0
24.273554446727328,0.0
24.30290578221309,0.0
24.332257117698855,0.0
24.361608453184623,0.0
24.390959788670386,0.0
24.42031112415615,0.0
24.449662459641914,0.0
24.47901379512768,0.0
24.508365130613445,0.0
24.53771646609921,0.0
24.567067801584972,0.0
24.59641913707074,0.0
24.625770472556503,0.0
24.655121808042267,0.0
24.68447314352803,0.0
24.713824479013798,0.0
24.743175814499562,0.0
24.772527149985326,0.0
24.801878485471086,0.0
24.831229820956857,0.0
24.86058115644262,0.0
24.88993249192838,0.0
24.91928382741415,0.0
24.948635162899915,0.0
24.977986498385675,0.0
25.00733783387144,0.0
25.036689169357206,0.0
25.06604050484297,0.0
25.095391840328734,0.0
25.1247431758145,0.0
25.15409451130026,0.0
25.18344584678603,0.0
25.212797182271796,0.0
25.242148517757556,0.0
25.271499853243323,0.0
25.30085118872909,0.0
25.33020252421485,0.0
25.35955385970062,0.0
25.38890519518638,0.0
25.418256530672146,0.0
25.447607866157913,0.0
25.476959201643673,0.0
25.50631053712944,0.0
25.535661872615208,0.0
25.565013208100968,0.0
25.594364543586735,0.0
25.623715879072495,0.0
25.653067214558263,0.0
25.68241855004403,0.0
25.71176988552979,0.0
25.741121221015558,0.0
25.770472556501325,0.0
25.799823891987085,0.0
25.829175227472852,0.0
25.85852656295862,0.0
25.88787789844438,0.0
25.917229233930147,0.0
25.946580569415907,0.0
25.975931904901675,0.0
26.005283240387442,0.0
26.034634575873202,0.0
26.06398591135897,0.0
26.093337246844737,0.0
26.122688582330497,0.0
26.152039917816264,0.0
26.18139125330203,0.0
26.21074258878779,0.0
26.24009392427356,0.0
26.269445259759316,0.0
26.298796595245086,0.0
26.328147930730854,0.0
26.35749926621661,0.0
26.38685060170238,0.0
26.41620193718815,0.0
26.445553272673905,0.0
26.474904608159676,0.0
26.504255943645443,0.0
26.5336072791312,0.0
26.56295861461697,0.0
26.592309950102727,0.0
26.621661285588495,0.0
26.651012621074262,0.0
26.680363956560022,0.0
26.70971529204579,0.0
26.739066627531557,0.0
26.768417963017317,0.0
26.797769298503084,0.0
26.827120633988848,0.0
26.85647196947461,0.0
26.88582330496038,0.0
26.91517464044614,0.0
26.944525975931906,0.0
26.973877311417674,0.0
27.003228646903434,0.0
27.0325799823892,0.0
27.061931317874965,0.0
27.09128265336073,0.0
27.120633988846496,0.0
27.14998532433226,0.0
27.179336659818023,0.0
27.20868799530379,0.0
27.23803933078955,0.0
27.26739066627532,0.0
27.296742001761082,0.0
27.326093337246846,0.0
27.355444672732613,0.0
27.384796008218377,0.0
27.41414734370414,0.0
27.443498679189908,0.0
27.47285001467567,0.0
27.502201350161435,0.0
27.531552685647203,0.0
27.560904021132963,0.0
27.59025535661873,0.0
27.619606692104494,0.0
27.648958027590258,0.0
27.678309363076025,0.0
27.70766069856179,0.0
27.737012034047552,0.0
27.76636336953332,0.0
27.795714705019076,0.0
27.825066040504847,0.0
27.854417375990607,0.0
27.88376871147637,0.0
27.913120046962142,0.0
27.942471382447902,0.0
27.971822717933666,0.0
28.001174053419437,0.0
28.030525388905197,0.0
28.05987672439096,0.0
28.089228059876724,0.0
28.118579395362488,0.0
28.147930730848255,0.0
28.17728206633402,0.0
28.206633401819783,0.0
28.23598473730555,0.0
28.265336072791314,0.0
28.294687408277078,0.0
28.32403874376284,0.0
28.35339007924861,0.0
28.382741414734372,0.0
28.412092750220136,0.0
28.4414440857059,0.0
28.470795421191667,0.0
28.50014675667743,0.0
28.529498092163195,0.0
28.55884942764896,0.0
28.588200763134726,0.0
28.61755209862049,0.0
28.646903434106253,0.0
28.67625476959202,0.0
28.705606105077784,0.0
28.734957440563548,0.0
28.76430877604931,0.0
28.793660111535075,0.0
28.823011447020843,0.0
28.852362782506606,0.0
28.88171411799237,0.0
28.911065453478137,0.0
28.9404167889639,0.0
28.969768124449665,0.0
28.999119459935432,0.0
29.02847079542119,0.0
29.05782213090696,0.0
29.087173466392723,0.0
29.116524801878484,0.0
29.145876137364255,0.0
29.17522747285002,0.0
29.20457880833578,0.0
29.23393014382155,0.0
29.263281479307306,0.0
29.292632814793073,0.0
29.321984150278844,0.0
29.3513354857646,0.0
29.380686821250368,0.0
29.41003815673613,0.0
29.439389492221895,0.0
29.468740827707663,0.0
29.498092163193423,0.0
29.52744349867919,0.0
29.556794834164958,0.0
29.586146169650718,0.0
29.615497505136485,0.0
29.644848840622252,0.0
29.674200176108013,0.0
29.70355151159378,0.0
29.73290284707954,0.0
29.762254182565307,0.0
29.791605518051075,0.0
29.820956853536835,0.0
29.850308189022602,0.0
29.87965952450837,0.0
29.90901085999413,0.0
29.938362195479897,0.0
29.967713530965664,0.0
29.997064866451424,0.0
30.02641620193719,0.0
30.055767537422952,0.0
30.08511887290872,0.0
30.114470208394486,0.0
30.143821543880247,0.0
30.173172879366014,0.0
30.20252421485178,0.0
30.23187555033754,0.0
30.26122688582331,0.0
30.290578221309065,0.0
30.319929556794836,0.0
30.349280892280603,0.0
30.37863222776636,0.0
30.40798356325213,0.0
30.437334898737898,0.0
30.466686234223655,0.0
30.496037569709426,0.0
30.525388905195193,0.0
30.55474024068095,0.0
30.58409157616672,0.0
30.613442911652477,0.0
30.642794247138244,0.0
30.672145582624015,0.0
30.701496918109772,0.0
30.73084825359554,0.0
30.76019958908131,0.0
30.789550924567067,0.0
30.818902260052834,0.0
30.848253595538605,0.0
30.87760493102436,0.0
30.90695626651013,0.0
30.93630760199589,0.0
30.965658937481656,0.0
30.995010272967424,0.0
31.024361608453184,0.0
31.05371294393895,0.0
31.08306427942472,0.0
31.11241561491048,0.0
31.141766950396246,0.0
31.17111828588201,0.0
31.200469621367773,0.0
31.22982095685354,0.0
31.2591722923393,0.0
31.288523627825068,0.0
31.317874963310835,0.0
31.347226298796596,0.0
31.376577634282363,0.0
31.405928969768127,0.0
31.43528030525389,0.0
31.464631640739658,0.0
31.49398297622542,0.0
31.523334311711185,0.0
31.552685647196952,0.0
31.582036982682713,0.0
31.61138831816848,0.0
31.640739653654244,0.0
31.670090989140007,0.0
31.699442324625775,0.0
31.72879366011154,0.0
31.758144995597302,0.0
31.78749633108307,0.0
31.816847666568833,0.0
31.846199002054597,0.0
31.875550337540364,0.0
31.90490167302612,0.0
31.93425300851189,0.0
31.963604343997655,0.0
31.992955679483416,0.0
32.022307014969186,0.0
32.05165835045495,0.0
32.081009685940714,0.0
32.11036102142648,0.0
32.13971235691224,0.0
32.169063692398005,0.0
32.19841502788377,0.0
32.22776636336953,0.0
32.2571176988553,0.0
32.28646903434107,0.0
32.31582036982683,0.0
32.345171705312595,0.0
32.37452304079836,0.0
32.40387437628412,0.0
32.433225711769886,0.0
32.46257704725565,0.0
32.49192838274142,0.0
32.521279718227184,0.0
32.55063105371295,0.0
32.57998238919871,0.0
32.609333724684475,0.0
32.63868506017024,0.0
32.668036395656,0.0
32.697387731141774,0.0
32.72673906662754,0.0
32.756090402113294,0.0
32.78544173759906,0.0
32.81479307308483,0.0
32.84414440857059,0.0
32.873495744056356,0.0
32.90284707954212,0.0
32.932198415027884,0.0
32.96154975051365,0.0
32.99090108599941,0.0
33.02025242148518,0.0
33.049603756970946,0.0
33.07895509245671,0.0
33.10830642794247,0.0
33.13765776342824,0.0
33.167009098914,0.0
33.196360434399764,0.0
33.22571176988553,0.0
33.2550631053713,0.0
33.28441444085706,0.0
33.31376577634283,0.0
33.34311711182859,0.0
33.372468447314354,0.0
33.40181978280012,0.0
33.43117111828588,0.0
33.460522453771645,0.0
33.489873789257416,0.0
33.51922512474318,0.0
33.548576460228944,0.0
33.57792779571471,0.0
33.60727913120047,0.0
33.636630466686235,0.0
33.665981802172006,0.0
33.69533313765776,0.0
33.72468447314353,0.0
33.7540358086293,0.0
33.78338714411506,0.0
33.812738479600824,0.0
33.84208981508659,0.0
33.87144115057235,0.0
33.90079248605812,0.0
33.93014382154388,0.0
33.95949515702965,0.0
33.988846492515414,0.0
34.01819782800118,0.0
34.04754916348694,0.0
34.0769004989727,0.0
34.10625183445847,0.0
34.13560316994424,0.0
34.164954505429996,0.0
34.19430584091577,0.0
34.22365717640153,0.0
34.25300851188729,0.0
34.28235984737306,0.0
34.31171118285883,0.0
34.341062518344586,0.0
34.37041385383036,0.0
34.39976518931611,0.0
34.42911652480188,0.0
34.45846786028765,0.0
34.487819195773405,0.0
34.517170531259175,0.0
34.54652186674494,0.0
34.5758732022307,0.0
34.60522453771647,0.0
34.63457587320223,0.0
34.663927208687994,0.0
34.693278544173765,0.0
34.72262987965952,0.0
34.75198121514529,0.0
34.781332550631056,0.0
34.81068388611682,0.0
34.840035221602584,0.0
34.869386557088355,0.0
34.89873789257411,0.0
34.92808922805988,0.0
34.95744056354564,0.0
34.98679189903141,0.0
35.01614323451717,0.0
35.04549457000294,0.0
35.0748459054887,0.0
35.10419724097447,0.0
35.13354857646023,0.0
35.162899911946,0.0
35.19225124743176,0.0
35.22160258291753,0.0
35.25095391840329,0.0
35.280305253889054,0.0
35.30965658937482,0.0
35.33900792486059,0.0
35.368359260346345,0.0
35.397710595832116,0.0
35.42706193131788,0.0
35.456413266803644,0.0
35.48576460228941,0.0
35.51511593777517,0.0
35.544467273260935,0.0
35.573818608746706,0.0
35.60316994423246,0.0
35.63252127971823,0.0
35.661872615204,0.0
35.69122395068975,0.0
35.720575286175524,0.0
35.74992662166129,0.0
35.77927795714705,0.0
35.80862929263282,0.0
35.83798062811858,0.0
35.86733196360434,0.0
35.896683299090114,0.0
35.92603463457587,0.0
35.95538597006164,0.0
35.98473730554741,0.0
36.01408864103317,0.0
36.04343997651893,0.0
36.072791312004696,0.0
36.10214264749046,0.0
36.13149398297623,0.0
36.160845318461995,0.0
36.19019665394776,0.0
36.21954798943352,0.0
36.248899324919286,0.0
36.27825066040505,0.0
36.30760199589081,0.0
36.33695333137658,0.0
36.36630466686235,0.0
36.39565600234811,0.0
36.425007337833875,0.0
36.45435867331964,0.0
36.4837100088054,0.0
36.51306134429117,0.0
36.54241267977693,0.0
36.571764015262694,0.0
36.601115350748465,0.0
36.63046668623423,0.0
36.65981802171999,0.0
36.689169357205756,0.0
36.71852069269152,0.0
36.747872028177284,0.0
36.77722336366305,0.0
36.80657469914881,0.0
36.83592603463458,0.0
36.865277370120346,0.0
36.89462870560611,0.0
36.92398004109187,0.0
36.95333137657764,0.0
36.9826827120634,0.0
37.012034047549164,0.0
37.041385383034935,0.0
37.0707367185207,0.0
37.100088054006456,0.0
37.12943938949222,0.0
37.15879072497799,0.0
37.188142060463754,0.0
37.21749339594952,0.0
37.24684473143528,0.0
37.276196066921045,0.0
37.30554740240681,0.0
37.33489873789257,0.0
37.364250073378344,0.0
37.39360140886411,0.0
37.42295274434987,0.0
37.452304079835635,0.0
37.4816554153214,0.0
37.51100675080716,0.0
37.540358086292926,0.0
37.56970942177869,0.0
37.59906075726446,0.0
37.628412092750224,0.0
37.65776342823599,0.0
37.68711476372175,0.0
37.716466099207516,0.0
37.74581743469328,0.0
37.77516877017904,0.0
37.80452010566481,0.0
37.83387144115058,0.0
37.86322277663634,0.0
37.892574112122105,0.0
37.92192544760787,0.0
37.95127678309363,0.0
37.980628118579396,0.0
38.00997945406517,0.0
38.039330789550924,0.0
38.068682125036695,0.0
38.09803346052246,0.0
38.12738479600822,0.0
38.156736131493986,0.0
38.18608746697974,0.0
38.21543880246551,0.0
38.244790137951284,0.0
38.27414147343704,0.0
38.30349280892281,0.0
38.332844144408575,0.0
38.36219547989433,0.0
38.3915468153801,0.0
38.42089815086586,0.0
38.45024948635163,0.0
38.4796008218374,0.0
38.50895215732316,0.0
38.53830349280892,0.0
38.56765482829469,0.0
38.59700616378045,0.0
38.62635749926622,0.0
38.65570883475199,0.0
38.68506017023775,0.0
38.71441150572351,0.0
38.743762841209275,0.0
38.77311417669504,0.0
38.80246551218081,0.0
38.831816847666566,0.0
38.86116818315234,0.0
38.8905195186381,0.0
38.919870854123864,0.0
38.94922218960963,0.0
38.97857352509539,0.0
39.007924860581156,0.0
39.03727619606693,0.0
39.06662753155268,0.0
39.095978867038454,0.0
39.12533020252422,0.0
39.15468153800998,0.0
39.184032873495745,0.0
39.213384208981516,0.0
39.24273554446727,0.0
39.272086879953044,0.0
39.3014382154388,0.0
39.33078955092457,0.0
39.360140886410335,0.0
39.3894922218961,0.0
39.41884355738186,0.0
39.44819489286763,0.0
39.47754622835339,0.0
39.50689756383916,0.0
39.536248899324924,0.0
39.56560023481069,0.0
39.59495157029645,0.0
39.624302905782216,0.0
39.65365424126798,0.0
39.68300557675375,0.0
39.71235691223951,0.0
39.74170824772528,0.0
39.77105958321104,0.0
39.8004109186968,0.0
39.82976225418257,0.0
39.85911358966833,0.0
39.888464925154096,0.0
39.91781626063987,0.0
39.947167596125624,0.0
39.97651893161139,0.0
40.00587026709716,0.0
40.035221602582915,0.0
40.064572938068686,0.0
40.09392427355445,0.0
40.12327560904021,0.0
40.15262694452598,0.0
40.18197828001174,0.0
40.211329615497505,0.0
40.240680950983275,0.0
40.27003228646903,0.0
40.2993836219548,0.0
40.32873495744057,0.0
40.35808629292633,0.0
40.387437628412094,0.0
40.41678896389786,0.0
40.44614029938362,0.0
40.47549163486939,0.0
40.504842970355156,0.0
40.53419430584092,0.0
40.563545641326684,0.0
40.59289697681245,0.0
40.62224831229821,0.0
40.65159964778398,0.0
40.68095098326974,0.0
40.71030231875551,0.0
40.73965365424127,0.0
40.76900498972704,0.0
40.7983563252128,0.0
40.82770766069857,0.0
40.85705899618433,0.0
40.8864103316701,0.0
40.91576166715585,0.0
40.94511300264163,0.0
40.97446433812739,0.0
41.003815673613154,0.0
41.03316700909892,0.0
41.06251834458469,0.0
41.09186968007044,0.0
41.121221015556216,0.0
41.150572351041966,0.0
41.179923686527744,0.0
41.20927502201351,0.0
41.23862635749927,0.0
41.26797769298503,0.0
41.297329028470806,0.0
41.326680363956555,0.0
41.35603169944233,0.0
41.3853830349281,0.0
41.41473437041385,0.0
41.44408570589962,0.0
41.47343704138538,0.0
41.502788376871145,0.0
41.53213971235692,0.0
41.56149104784267,0.0
41.59084238332844,0.0
41.62019371881421,0.0
41.64954505429997,0.0
41.678896389785734,0.0
41.70824772527151,0.0
41.73759906075726,0.0
41.76695039624303,0.0
41.79630173172879,0.0
41.82565306721456,0.0
41.855004402700324,0.0
41.88435573818609,0.0
41.91370707367185,0.0
41.94305840915762,0.0
41.97240974464338,0.0
42.00176108012915,0.0
42.03111241561491,0.0
42.06046375110068,0.0
42.08981508658644,0.0
42.119166422072205,0.0
42.14851775755797,0.0
42.17786909304374,0.0
42.207220428529496,0.0
42.23657176401527,0.0
42.26592309950103,0.0
42.295274434986794,0.0
42.32462577047256,0.0
42.35397710595832,0.0
42.383328441444085,0.0
42.412679776929856,0.0
42.44203111241561,0.0
42.471382447901384,0.0
42.50073378338715,0.0
42.53008511887291,0.0
42.559436454358675,0.0
42.58878778984444,0.0
42.6181391253302,0.0
42.64749046081597,0.0
42.67684179630174,0.0
42.7061931317875,0.0
42.735544467273265,0.0
42.76489580275903,0.0
42.79424713824479,0.0
42.823598473730556,0.0
42.85294980921632,0.0
42.88230114470209,0.0
42.911652480187854,0.0
42.94100381567362,0.0
42.97035515115938,0.0
42.999706486645145,0.0
43.02905782213091,0.0
43.05840915761667,0.0
43.08776049310244,0.0
43.11711182858821,0.0
43.14646316407397,0.0
43.175814499559735,0.0
43.2051658350455,0.0
43.23451717053126,0.0
43.263868506017026,0.0
43.29321984150279,0.0
43.32257117698856,0.0
43.351922512474324,0.0
43.38127384796009,0.0
43.41062518344585,0.0
43.439976518931616,0.0
43.46932785441738,0.0
43.49867918990314,0.0
43.52803052538891,0.0
43.55738186087468,0.0
43.58673319636044,0.0
43.616084531846205,0.0
43.64543586733197,0.0
43.67478720281773,0.0
43.704138538303496,0.0
43.73348987378926,0.0
43.762841209275024,0.0
43.792192544760795,0.0
43.82154388024656,0.0
43.85089521573232,0.0
43.880246551218086,0.0
43.90959788670385,0.0
43.93894922218961,0.0
43.96830055767537,0.0
43.997651893161134,0.0
44.02700322864691,0.0
44.056354564132675,0.0
44.08570589961844,0.0
44.1150572351042,0.0
44.14440857058996,0.0
44.17375990607572,0.0
44.2031112415615,0.0
44.23246257704725,0.0
44.26181391253303,0.0
44.29116524801879,0.0
44.32051658350455,0.0
44.34986791899031,0.0
44.37921925447608,0.0
44.40857058996184,0.0
44.43792192544762,0.0
44.46727326093337,0.0
44.49662459641914,0.0
44.5259759319049,0.0
44.555327267390666,0.0
44.58467860287643,0.0
44.614029938362194,0.0
44.64338127384796,0.0
44.67273260933373,0.0
44.702083944819485,0.0
44.731435280305256,0.0
44.76078661579102,0.0
44.79013795127678,0.0
44.81948928676255,0.0
44.84884062224832,0.0
44.878191957734074,0.0
44.907543293219845,0.0
44.9368946287056,0.0
44.96624596419137,0.0
44.99559729967714,0.0
45.0249486351629,0.0
45.054299970648664,0.0
45.083651306134435,0.0
45.11300264162019,0.0
45.14235397710596,0.0
45.171705312591726,0.0
45.20105664807749,0.0
45.23040798356325,0.0
45.25975931904902,0.0
45.28911065453478,0.0
45.31846199002055,0.0
45.34781332550631,0.0
45.37716466099208,0.0
45.40651599647784,0.0
45.43586733196361,0.0
45.46521866744937,0.0
45.49457000293514,0.0
45.5239213384209,0.0
45.55327267390667,0.0
45.582624009392426,0.0
45.611975344878196,0.0
45.64132668036396,0.0
45.670678015849724,0.0
45.70002935133549,0.0
45.72938068682126,0.0
45.758732022307015,0.0
45.788083357792786,0.0
45.81743469327854,0.0
45.84678602876431,0.0
45.87613736425008,0.0
45.90548869973584,0.0
45.934840035221605,0.0
45.964191370707375,0.0
45.99354270619313,0.0
46.0228940416789,0.0
46.05224537716467,0.0
46.08159671265043,0.0
46.110948048136194,0.0
46.14029938362196,0.0
46.16965071910772,0.0
46.19900205459349,0.0
46.22835339007925,0.0
46.25770472556502,0.0
46.287056061050784,0.0
46.31640739653655,0.0
46.34575873202231,0.0
46.375110067508075,0.0
46.40446140299384,0.0
46.43381273847961,0.0
46.463164073965366,0.0
46.49251540945114,0.0
46.5218667449369,0.0
46.551218080422665,0.0
46.58056941590843,0.0
46.6099207513942,0.0
46.639272086879956,0.0
46.66862342236573,0.0
46.69797475785149,0.0
46.727326093337254,0.0
46.75667742882302,0.0
46.78602876430878,0.0
46.815380099794545,0.0
46.844731435280316,0.0
46.874082770766066,0.0
46.903434106251844,0.0
46.93278544173761,0.0
46.96213677722337,0.0
46.991488112709135,0.0
47.02083944819489,0.0
47.050190783680655,0.0
47.07954211916643,0.0
47.10889345465218,0.0
47.13824479013796,0.0
47.167596125623724,0.0
47.19694746110948,0.0
47.226298796595245,0.0
47.25565013208101,0.0
47.28500146756677,0.0
47.31435280305255,0.0
47.343704138538314,0.0
47.37305547402407,0.0
47.402406809509834,0.0
47.4317581449956,0.0
47.46110948048136,0.0
47.490460815967126,0.0
47.51981215145289,0.0
47.54916348693866,0.0
47.578514822424424,0.0
47.60786615791019,0.0
47.63721749339595,0.0
47.666568828881715,0.0
47.69592016436748,0.0
47.72527149985324,0.0
47.754622835339006,0.0
47.78397417082478,0.0
47.81332550631054,0.0
47.842676841796305,0.0
47.87202817728207,0.0
47.90137951276783,0.0
47.930730848253596,0.0
47.96008218373936,0.0
47.98943351922512,0.0
48.018784854710894,0.0
48.04813619019666,0.0
48.07748752568242,0.0
48.106838861168185,0.0
48.13619019665395,0.0
48.16554153213971,0.0
48.19489286762548,0.0
48.22424420311125,0.0
48.25359553859701,0.0
48.282946874082775,0.0
48.31229820956854,0.0
48.3416495450543,0.0
48.371000880540066,0.0
48.40035221602583,0.0
48.429703551511594,0.0
48.459054886997365,0.0
48.48840622248313,0.0
48.51775755796889,0.0
48.547108893454656,0.0
48.57646022894042,0.0
48.60581156442618,0.0
48.63516289991195,0.0
48.66451423539771,0.0
48.69386557088348,0.0
48.723216906369245,0.0
48.75256824185501,0.0
48.78191957734077,0.0
48.81127091282654,0.0
48.8406222483123,0.0
48.86997358379807,0.0
48.89932491928383,0.0
48.9286762547696,0.0
48.95802759025536,0.0
48.987378925741126,0.0
49.01673026122689,0.0
49.04608159671265,0.0
49.07543293219842,0.0
49.10478426768419,0.0
49.134135603169945,0.0
49.163486938655716,0.0
49.19283827414148,0.0
49.22218960962724,0.0
49.25154094511301,0.0
49.28089228059877,0.0
49.310243616084534,0.0
49.339594951570305,0.0
49.36894628705606,0.0
49.39829762254183,0.0
49.427648958027596,0.0
49.45700029351336,0.0
49.486351628999124,0.0
49.515702964484895,0.0
49.54505429997065,0.0
49.57440563545642,0.0
49.60375697094217,0.0
49.63310830642795,0.0
49.66245964191371,0.0
49.69181097739948,0.0
49.72116231288524,0.0
49.75051364837101,0.0
49.77986498385676,0.0
49.80921631934254,0.0
49.8385676548283,0.0
49.86791899031407,0.0
49.89727032579983,0.0
49.92662166128559,0.0
49.95597299677135,0.0
49.98532433225713,0.0
50.01467566774288,0.0
50.04402700322864,0.0
50.07337833871441,0.0
50.10272967420018,0.0
50.13208100968594,0.0
50.16143234517172,0.0
50.19078368065747,0.0
50.22013501614323,0.0
50.249486351629,0.0
50.278837687114766,0.0
50.30818902260052,0.0
50.337540358086294,0.0
50.36689169357206,0.0
50.39624302905782,0.0
50.42559436454359,0.0
50.454945700029356,0.0
50.48429703551511,0.0
50.51364837100088,0.0
50.54299970648665,0.0
50.57235104197241,0.0
50.60170237745818,0.0
50.631053712943945,0.0
50.6604050484297,0.0
50.689756383915466,0.0
50.71910771940124,0.0
50.748459054887,0.0
50.77781039037276,0.0
50.80716172585853,0.0
50.83651306134429,0.0
50.865864396830055,0.0
50.895215732315826,0.0
50.92456706780159,0.0
50.95391840328735,0.0
50.98326973877312,0.0
51.01262107425888,0.0
51.041972409744645,0.0
51.071323745230416,0.0
51.10067508071618,0.0
51.130026416201936,0.0
51.15937775168771,0.0
51.18872908717347,0.0
51.218080422659234,0.0
51.24743175814499,0.0
51.27678309363076,0.0
51.306134429116526,0.0
51.33548576460229,0.0
51.36483710008806,0.0
51.394188435573824,0.0
51.42353977105958,0.0
51.45289110654535,0.0
51.482242442031115,0.0
51.51159377751688,0.0
51.54094511300265,0.0
51.57029644848841,0.0
51.59964778397417,0.0
51.62899911945994,0.0
51.658350454945705,0.0
51.68770179043147,0.0
51.71705312591724,0.0
51.746404461402996,0.0
51.77575579688876,0.0
51.80510713237453,0.0
51.834458467860294,0.0
51.86380980334606,0.0
51.893161138831815,0.0
51.922512474317585,0.0
51.95186380980335,0.0
51.98121514528911,0.0
52.010566480774884,0.0
52.03991781626065,0.0
52.069269151746404,0.0
52.098620487232175,0.0
52.12797182271794,0.0
52.1573231582037,0.0
52.18667449368947,0.0
52.21602582917523,0.0
52.245377164660994,0.0
52.274728500146765,0.0
52.30407983563253,0.0
52.33343117111829,0.0
52.36278250660406,0.0
52.39213384208982,0.0
52.42148517757558,0.0
52.450836513061354,0.0
52.48018784854712,0.0
52.50953918403288,0.0
52.53889051951863,0.0
52.56824185500441,0.0
52.59759319049017,0.0
52.62694452597593,0.0
52.65629586146171,0.0
52.68564719694746,0.0
52.71499853243322,0.0
52.744349867919,0.0
52.77370120340476,0.0
52.80305253889052,0.0
52.8324038743763,0.0
52.86175520986205,0.0
52.89110654534781,0.0
52.92045788083359,0.0
52.94980921631935,0.0
52.97916055180511,0.0
53.00851188729089,0.0
53.037863222776636,0.0
53.0672145582624,0.0
53.09656589374818,0.0
53.12591722923394,0.0
53.15526856471969,0.0
53.184619900205455,0.0
53.213971235691226,0.0
53.24332257117699,0.0
53.27267390666275,0.0
53.302025242148524,0.0
53.33137657763428,0.0
53.360727913120044,0.0
53.390079248605815,0.0
53.41943058409158,0.0
53.44878191957734,0.0
53.47813325506311,0.0
53.50748459054887,0.0
53.536835926034634,0.0
53.566187261520405,0.0
53.59553859700617,0.0
53.62488993249193,0.0
53.654241267977696,0.0
53.68359260346346,0.0
53.71294393894922,0.0
53.74229527443499,0.0
53.77164660992076,0.0
53.800997945406515,0.0
53.83034928089228,0.0
53.85970061637805,0.0
53.88905195186381,0.0
53.91840328734958,0.0
53.94775462283535,0.0
53.977105958321104,0.0
54.00645729380687,0.0
54.03580862929264,0.0
54.0651599647784,0.0
54.094511300264166,0.0
54.12386263574993,0.0
54.153213971235694,0.0
54.18256530672146,0.0
54.21191664220723,0.0
54.24126797769299,0.0
54.27061931317875,0.0
54.29997064866452,0.0
54.32932198415028,0.0
54.35867331963605,0.0
54.38802465512181,0.0
54.41737599060758,0.0
54.44672732609334,0.0
54.4760786615791,0.0
54.50542999706487,0.0
54.53478133255064,0.0
54.5641326680364,0.0
54.593484003522164,0.0
54.62283533900793,0.0
54.65218667449369,0.0
54.68153800997946,0.0
54.710889345465226,0.0
54.74024068095098,0.0
54.769592016436754,0.0
54.79894335192252,0.0
54.82829468740828,0.0
54.85764602289405,0.0
54.886997358379816,0.0
54.91634869386557,0.0
54.94570002935134,0.0
54.97505136483711,0.0
55.00440270032287,0.0
55.033754035808634,0.0
55.063105371294405,0.0
55.09245670678016,0.0
55.121808042265926,0.0
55.151159377751696,0.0
55.18051071323746,0.0
55.20986204872321,0.0
55.23921338420899,0.0
55.26856471969475,0.0
55.297916055180515,0.0
55.327267390666286,0.0
55.35661872615205,0.0
55.3859700616378,0.0
55.41532139712358,0.0
55.44467273260934,0.0
55.474024068095105,0.0
55.503375403580876,0.0
55.53272673906664,0.0
55.56207807455239,0.0
55.59142941003815,0.0
55.62078074552393,0.0
55.650132081009694,0.0
55.679483416495444,0.0
55.708834751981215,0.0
55.73818608746698,0.0
55.76753742295274,0.0
55.79688875843852,0.0
55.826240093924284,0.0
55.85559142941003,0.0
55.884942764895804,0.0
55.91429410038157,0.0
55.94364543586733,0.0
55.97299677135311,0.0
56.00234810683887,0.0
56.03169944232462,0.0
56.061050777810394,0.0
56.09040211329616,0.0
56.11975344878192,0.0
56.1491047842677,0.0
56.17845611975345,0.0
56.20780745523921,0.0
56.237158790724976,0.0
56.26651012621075,0.0
56.29586146169651,0.0
56.32521279718227,0.0
56.35456413266804,0.0
56.3839154681538,0.0
56.413266803639566,0.0
56.44261813912534,0.0
56.4719694746111,0.0
56.50132081009686,0.0
56.53067214558263,0.0
56.56002348106839,0.0
56.589374816554155,0.0
56.618726152039926,0.0
56.64807748752568,0.0
56.67742882301145,0.0
56.70678015849722,0.0
56.73613149398298,0.0
56.765482829468745,0.0
56.794834164954516,0.0
56.82418550044027,0.0
56.853536835926036,0.0
56.8828881714118,0.0
56.91223950689757,0.0
56.941590842383334,0.0
56.97094217786909,0.0
57.00029351335486,0.0
57.029644848840626,0.0
57.05899618432639,0.0
57.08834751981216,0.0
57.11769885529792,0.0
57.14705019078368,0.0
57.17640152626945,0.0
57.205752861755215,0.0
57.23510419724098,0.0
57.26445553272675,0.0
57.293806868212506,0.0
57.32315820369827,0.0
57.35250953918404,0.0
57.381860874669805,0.0
57.41121221015557,0.0
57.44056354564134,0.0
57.469914881127096,0.0
57.49926621661286,0.0
57.52861755209862,0.0
57.557968887584394,0.0
57.58732022307015,0.0
57.616671558555915,0.0
57.646022894041685,0.0
57.67537422952745,0.0
57.70472556501321,0.0
57.734076900498984,0.0
57.76342823598474,0.0
57.792779571470504,0.0
57.822130906956275,0.0
57.85148224244204,0.0
57.8808335779278,0.0
57.91018491341357,0.0
57.93953624889933,0.0
57.968887584385094,0.0
57.998238919870865,0.0
58.02759025535663,0.0
58.05694159084238,0.0
58.08629292632814,0.0
58.11564426181392,0.0
58.14499559729968,0.0
58.17434693278545,0.0
58.20369826827122,0.0
58.23304960375697,0.0
58.26240093924273,0.0
58.29175227472851,0.0
58.32110361021427,0.0
58.35045494570004,0.0
58.37980628118581,0.0
58.40915761667156,0.0
58.43850895215732,0.0
58.4678602876431,0.0
58.49721162312886,0.0
58.52656295861461,0.0
58.55591429410038,0.0
58.58526562958615,0.0
58.61461696507191,0.0
58.64396830055769,0.0
58.67331963604345,0.0
58.7026709715292,0.0
58.732022307014965,0.0
58.761373642500736,0.0
58.7907249779865,0.0
58.82007631347226,0.0
58.84942764895804,0.0
58.87877898444379,0.0
58.908130319929555,0.0
58.937481655415326,0.0
58.96683299090109,0.0
58.996184326386846,0.0
59.02553566187262,0.0
59.05488699735838,0.0
59.084238332844144,0.0
59.113589668329915,0.0
59.14294100381568,0.0
59.172292339301436,0.0
59.201643674787206,0.0
59.23099501027297,0.0
59.260346345758734,0.0
59.289697681244505,0.0
59.31904901673027,0.0
59.348400352216025,0.0
59.37775168770179,0.0
59.40710302318756,0.0
59.43645435867332,0.0
59.46580569415908,0.0
59.49515702964485,0.0
59.524508365130615,0.0
59.55385970061638,0.0
59.58321103610215,0.0
59.61256237158791,0.0
59.64191370707367,0.0
59.67126504255944,0.0
59.700616378045204,0.0
59.72996771353097,0.0
59.75931904901674,0.0
59.7886703845025,0.0
59.81802171998826,0.0
59.84737305547403,0.0
59.876724390959794,0.0
59.90607572644556,0.0
59.93542706193133,0.0
59.964778397417085,0.0
59.99412973290285,0.0
60.02348106838861,0.0
60.05283240387438,0.0
60.08218373936015,0.0
60.111535074845904,0.0
60.140886410331674,0.0
60.17023774581744,0.0
60.1995890813032,0.0
60.22894041678897,0.0
60.25829175227474,0.0
60.28764308776049,0.0
60.316994423246264,0.0
60.34634575873203,0.0
60.37569709421779,0.0
60.40504842970356,0.0
60.43439976518932,0.0
60.46375110067508,0.0
60.493102436160854,0.0
60.52245377164662,0.0
60.55180510713238,0.0
60.58115644261813,0.0
60.61050777810391,0.0
60.63985911358967,0.0
60.669210449075436,0.0
60.69856178456121,0.0
60.72791312004697,0.0
60.75726445553272,0.0
60.7866157910185,0.0
60.81596712650426,0.0
60.845318461990026,0.0
60.874669797475796,0.0
60.90402113296155,0.0
60.93337246844731,0.0
60.96272380393309,0.0
60.99207513941885,0.0
61.021426474904615,0.0
61.050777810390386,0.0
61.08012914587614,0.0
61.1094804813619,0.0
61.13883181684768,0.0
61.16818315233344,0.0
61.197534487819205,0.0
61.226885823304954,0.0
61.25623715879073,0.0
61.28558849427649,0.0
61.31493982976225,0.0
61.34429116524803,0.0
61.37364250073378,0.0
61.402993836219544,0.0
61.43234517170532,0.0
61.46169650719108,0.0
61.49104784267684,0.0
61.52039917816262,0.0
61.54975051364837,0.0
61.57910184913413,0.0
61.60845318461991,0.0
61.63780452010567,0.0
61.66715585559143,0.0
61.69650719107721,0.0
61.72585852656296,0.0
61.75520986204872,0.0
61.7845611975345,0.0
61.81391253302026,0.0
61.843263868506014,0.0
61.87261520399178,0.0
61.90196653947755,0.0
61.93131787496331,0.0
61.960669210449076,0.0
61.99002054593485,0.0
62.019371881420604,0.0
62.04872321690637,0.0
62.07807455239214,0.0
62.1074258878779,0.0
62.136777223363666,0.0
62.16612855884944,0.0
62.19547989433519,0.0
62.22483122982096,0.0
62.25418256530673,0.0
62.28353390079249,0.0
62.312885236278255,0.0
62.34223657176402,0.0
62.37158790724978,0.0
62.40093924273555,0.0
62.43029057822131,0.0
62.45964191370708,0.0
62.48899324919284,0.0
62.5183445846786,0.0
62.54769592016437,0.0
62.577047255650136,0.0
62.6063985911359,0.0
62.63574992662167,0.0
62.66510126210743,0.0
62.69445259759319,0.0
62.72380393307896,0.0
62.753155268564726,0.0
62.78250660405049,0.0
62.81185793953625,0.0
62.84120927502202,0.0
62.87056061050778,0.0
62.89991194599355,0.0
62.929263281479315,0.0
62.95861461696507,0.0
62.98796595245084,0.0
63.017317287936606,0.0
63.04666862342237,0.0
63.076019958908134,0.0
63.105371294393905,0.0
63.13472262987966,0.0
63.164073965365425,0.0
63.193425300851196,0.0
63.22277663633696,0.0
63.25212797182272,0.0
63.28147930730849,0.0
63.31083064279425,0.0
63.340181978280015,0.0
63.369533313765785,0.0
63.39888464925155,0.0
63.428235984737306,0.0
63.45758732022308,0.0
63.48693865570884,0.0
63.516289991194604,0.0
63.545641326680375,0.0
63.57499266216614,0.0
63.604343997651895,0.0
63.633695333137666,0.0
63.66304666862343,0.0
63.692398004109194,0.0
63.72174933959496,0.0
63.75110067508073,0.0
63.780452010566485,0.0
63.80980334605224,0.0
63.83915468153802,0.0
63.86850601702378,0.0
63.89785735250953,0.0
63.92720868799531,0.0
63.956560023481074,0.0
63.98591135896683,0.0
64.0152626944526,0.0
64.04461402993837,0.0
64.07396536542413,0.0
64.1033167009099,0.0
64.13266803639566,0.0
64.16201937188143,0.0
64.1913707073672,0.0
64.22072204285296,0.0
64.25007337833871,0.0
64.27942471382448,0.0
64.30877604931025,0.0
64.33812738479601,0.0
64.36747872028177,0.0
64.39683005576754,0.0
64.42618139125331,0.0
64.45553272673907,0.0
64.48488406222484,0.0
64.5142353977106,0.0
64.54358673319636,0.0
64.57293806868213,0.0
64.60228940416789,0.0
64.63164073965366,0.0
64.66099207513943,0.0
64.69034341062519,0.0
64.71969474611095,0.0
64.74904608159672,0.0
64.77839741708249,0.0
64.80774875256824,0.0
64.83710008805402,0.0
64.86645142353977,0.0
64.89580275902554,0.0
64.9251540945113,0.0
64.95450542999707,0.0
64.98385676548284,0.0
65.01320810096858,0.0
65.04255943645437,0.0
65.07191077194013,0.0
65.1012621074259,0.0
65.13061344291167,0.0
65.15996477839742,0.0
65.18931611388318,0.0
65.21866744936895,0.0
65.24801878485472,0.0
65.27737012034048,0.0
65.30672145582625,0.0
65.336072791312,0.0
65.36542412679776,0.0
65.39477546228355,0.0
65.4241267977693,0.0
65.45347813325508,0.0
65.48282946874085,0.0
65.51218080422659,0.0
65.54153213971236,0.0
65.57088347519812,0.0
65.6002348106839,0.0
65.62958614616966,0.0
65.65893748165541,0.0
65.68828881714118,0.0
65.71764015262694,0.0
65.74699148811271,0.0
65.77634282359848,0.0
65.80569415908424,0.0
65.83504549457,0.0
65.86439683005577,0.0
65.89374816554154,0.0
65.9230995010273,0.0
65.95245083651308,0.0
65.98180217199882,0.0
66.0111535074846,0.0
66.04050484297036,0.0
66.06985617845612,0.0
66.09920751394189,0.0
66.12855884942766,0.0
66.15791018491342,0.0
66.18726152039918,0.0
66.21661285588495,0.0
66.24596419137072,0.0
66.27531552685647,0.0
66.30466686234223,0.0
66.334018197828,0.0
66.36336953331377,0.0
66.39272086879953,0.0
66.4220722042853,0.0
66.45142353977106,0.0
66.48077487525683,0.0
66.5101262107426,0.0
66.53947754622835,0.0
66.56882888171413,0.0
66.5981802171999,0.0
66.62753155268565,0.0
66.65688288817141,0.0
66.68623422365718,0.0
66.71558555914295,0.0
66.74493689462871,0.0
66.77428823011446,0.0
66.80363956560024,0.0
66.832990901086,0.0
66.86234223657176,0.0
66.89169357205753,0.0
66.92104490754329,0.0
66.95039624302906,0.0
66.97974757851483,0.0
67.00909891400059,0.0
67.03845024948636,0.0
67.06780158497213,0.0
67.09715292045789,0.0
67.12650425594364,0.0
67.15585559142941,0.0
67.18520692691519,0.0
67.21455826240094,0.0
67.24390959788671,0.0
67.27326093337247,0.0
67.30261226885824,0.0
67.33196360434401,0.0
67.36131493982977,0.0
67.39066627531552,0.0
67.4200176108013,0.0
67.44936894628707,0.0
67.47872028177282,0.0
67.5080716172586,0.0
67.53742295274436,0.0
67.56677428823012,0.0
67.59612562371588,0.0
67.62547695920165,0.0
67.65482829468742,0.0
67.68417963017318,0.0
67.71353096565895,0.0
67.7428823011447,0.0
67.77223363663047,0.0
67.80158497211625,0.0
67.830936307602,0.0
67.86028764308776,0.0
67.88963897857353,0.0
67.9189903140593,0.0
67.94834164954506,0.0
67.97769298503083,0.0
68.0070443205166,0.0
68.03639565600236,0.0
68.06574699148811,0.0
68.09509832697388,0.0
68.12444966245965,0.0
68.1538009979454,0.0
68.18315233343118,0.0
68.21250366891694,0.0
68.2418550044027,0.0
68.27120633988848,0.0
68.30055767537424,0.0
68.32990901085999,0.0
68.35926034634576,0.0
68.38861168183153,0.0
68.41796301731729,0.0
68.44731435280306,0.0
68.47666568828883,0.0
68.50601702377458,0.0
68.53536835926036,0.0
68.56471969474612,0.0
68.59407103023187,0.0
68.62342236571766,0.0
68.6527737012034,0.0
68.68212503668917,0.0
68.71147637217493,0.0
68.74082770766071,0.0
68.77017904314647,0.0
68.79953037863223,0.0
68.828881714118,0.0
68.85823304960375,0.0
68.88758438508953,0.0
68.9169357205753,0.0
68.94628705606105,0.0
68.97563839154681,0.0
69.00498972703258,0.0
69.03434106251835,0.0
69.06369239800411,0.0
69.09304373348988,0.0
69.12239506897564,0.0
69.1517464044614,0.0
69.18109773994718,0.0
69.21044907543293,0.0
69.2398004109187,0.0
69.26915174640446,0.0
69.29850308189023,0.0
69.32785441737599,0.0
69.35720575286176,0.0
69.38655708834753,0.0
69.41590842383329,0.0
69.44525975931904,0.0
69.47461109480481,0.0
69.50396243029058,0.0
69.53331376577634,0.0
69.56266510126211,0.0
69.59201643674787,0.0
69.62136777223364,0.0
69.65071910771941,0.0
69.68007044320517,0.0
69.70942177869094,0.0
69.73877311417671,0.0
69.76812444966247,0.0
69.79747578514822,0.0
69.826827120634,0.0
69.85617845611976,0.0
69.88552979160552,0.0
69.91488112709128,0.0
69.94423246257705,0.0
69.97358379806282,0.0
70.00293513354858,0.0
70.03228646903435,0.0
70.0616378045201,0.0
70.09098914000587,0.0
70.12034047549164,0.0
70.1496918109774,0.0
70.17904314646317,0.0
70.20839448194894,0.0
70.2377458174347,0.0
70.26709715292046,0.0
70.29644848840623,0.0
70.325799823892,0.0
70.35515115937775,0.0
70.38450249486353,0.0
70.41385383034928,0.0
70.44320516583505,0.0
70.47255650132082,0.0
70.50190783680658,0.0
70.53125917229235,0.0
70.56061050777811,0.0
70.58996184326388,0.0
70.61931317874964,0.0
70.6486645142354,0.0
70.67801584972118,0.0
70.70736718520693,0.0
70.73671852069269,0.0
70.76606985617846,0.0
70.79542119166423,0.0
70.82477252714999,0.0
70.85412386263576,0.0
70.88347519812152,0.0
70.91282653360729,0.0
70.94217786909306,0.0
70.97152920457881,0.0
71.00088054006459,0.0
71.03023187555034,0.0
71.05958321103611,0.0
71.08893454652187,0.0
71.11828588200763,0.0
71.14763721749341,0.0
71.17698855297915,0.0
71.20633988846492,0.0
71.2356912239507,0.0
71.26504255943647,0.0
71.29439389492222,0.0
71.323745230408,0.0
71.35309656589375,0.0
71.3824479013795,0.0
71.41179923686529,0.0
71.44115057235105,0.0
71.4705019078368,0.0
71.49985324332258,0.0
71.52920457880833,0.0
71.5585559142941,0.0
71.58790724977987,0.0
71.61725858526565,0.0
71.64660992075139,0.0
71.67596125623716,0.0
71.70531259172293,0.0
71.73466392720869,0.0
71.76401526269446,0.0
71.79336659818023,0.0
71.82271793366598,0.0
71.85206926915174,0.0
71.88142060463751,0.0
71.91077194012328,0.0
71.94012327560904,0.0
71.96947461109482,0.0
71.99882594658057,0.0
72.02817728206634,0.0
72.05752861755211,0.0
72.08687995303787,0.0
72.11623128852362,0.0
72.14558262400939,0.0
72.17493395949516,0.0
72.20428529498092,0.0
72.23363663046669,0.0
72.26298796595246,0.0
72.29233930143822,0.0
72.32169063692399,0.0
72.35104197240975,0.0
72.38039330789552,0.0
72.40974464338127,0.0
72.43909597886704,0.0
72.4684473143528,0.0
72.49779864983857,0.0
72.52714998532434,0.0
72.5565013208101,0.0
72.58585265629586,0.0
72.61520399178163,0.0
72.6445553272674,0.0
72.67390666275315,0.0
72.70325799823893,0.0
72.7326093337247,0.0
72.76196066921045,0.0
72.79131200469622,0.0
72.82066334018198,0.0
72.85001467566775,0.0
72.87936601115352,0.0
72.90871734663928,0.0
72.93806868212504,0.0
72.9674200176108,0.0
72.99677135309658,0.0
73.02612268858233,0.0
73.05547402406809,0.0
73.08482535955386,0.0
73.11417669503963,0.0
73.14352803052539,0.0
73.17287936601116,0.0
73.20223070149693,0.0
73.23158203698269,0.0
73.26093337246846,0.0
73.29028470795421,0.0
73.31963604343998,0.0
73.34898737892576,0.0
73.37833871441151,0.0
73.40769004989727,0.0
73.43704138538304,0.0
73.46639272086881,0.0
73.49574405635457,0.0
73.52509539184034,0.0
73.5544467273261,0.0
73.58379806281187,0.0
73.61314939829762,0.0
73.6425007337834,0.0
73.67185206926916,0.0
73.7012034047549,0.0
73.73055474024069,0.0
73.75990607572645,0.0
73.78925741121222,0.0
73.81860874669799,0.0
73.84796008218375,0.0
73.8773114176695,0.0
73.90666275315527,0.0
73.93601408864104,0.0
73.9653654241268,0.0
73.99471675961257,0.0
74.02406809509833,0.0
74.05341943058409,0.0
74.08277076606987,0.0
74.11212210155563,0.0
74.1414734370414,0.0
74.17082477252717,0.0
74.20017610801291,0.0
74.22952744349868,0.0
74.25887877898444,0.0
74.28823011447022,0.0
74.31758144995598,0.0
74.34693278544174,0.0
74.37628412092751,0.0
74.40563545641326,0.0
74.43498679189904,0.0
74.4643381273848,0.0
74.49368946287056,0.0
74.52304079835632,0.0
74.55239213384209,0.0
74.58174346932786,0.0
74.61109480481362,0.0
74.6404461402994,0.0
74.66979747578515,0.0
74.69914881127092,0.0
74.72850014675669,0.0
74.75785148224244,0.0
74.78720281772821,0.0
74.81655415321399,0.0
74.84590548869974,0.0
74.8752568241855,0.0
74.90460815967127,0.0
74.93395949515704,0.0
74.9633108306428,0.0
74.99266216612855,0.0
75.02201350161432,0.0
75.0513648371001,0.0
75.08071617258585,0.0
75.11006750807162,0.0
75.13941884355738,0.0
75.16877017904315,0.0
75.19812151452892,0.0
75.22747285001468,0.0
75.25682418550045,0.0
75.28617552098622,0.0
75.31552685647198,0.0
75.34487819195773,0.0
75.3742295274435,0.0
75.40358086292927,0.0
75.43293219841503,0.0
75.4622835339008,0.0
75.49163486938656,0.0
75.52098620487233,0.0
75.55033754035809,0.0
75.57968887584386,0.0
75.60904021132961,0.0
75.63839154681538,0.0
75.66774288230116,0.0
75.69709421778691,0.0
75.72644555327268,0.0
75.75579688875845,0.0
75.78514822424421,0.0
75.81449955972997,0.0
75.84385089521574,0.0
75.87320223070151,0.0
75.90255356618727,0.0
75.93190490167304,0.0
75.96125623715879,0.0
75.99060757264456,0.0
76.01995890813033,0.0
76.04931024361609,0.0
76.07866157910185,0.0
76.10801291458762,0.0
76.13736425007339,0.0
76.16671558555915,0.0
76.19606692104492,0.0
76.22541825653069,0.0
76.25476959201644,0.0
76.2841209275022,0.0
76.31347226298797,0.0
76.34282359847374,0.0
76.37217493395949,0.0
76.40152626944527,0.0
76.43087760493103,0.0
76.4602289404168,0.0
76.48958027590257,0.0
76.51893161138833,0.0
76.54828294687408,0.0
76.57763428235985,0.0
76.60698561784562,0.0
76.63633695333138,0.0
76.66568828881715,0.0
76.69503962430292,0.0
76.72439095978866,0.0
76.75374229527444,0.0
76.7830936307602,0.0
76.81244496624598,0.0
76.84179630173172,0.0
76.8711476372175,0.0
76.90049897270326,0.0
76.92985030818902,0.0
76.9592016436748,0.0
76.98855297916056,0.0
77.01790431464632,0.0
77.04725565013209,0.0
77.07660698561784,0.0
77.10595832110361,0.0
77.13530965658938,0.0
77.16466099207516,0.0
77.1940123275609,0.0
77.22336366304668,0.0
77.25271499853244,0.0
77.2820663340182,0.0
77.31141766950398,0.0
77.34076900498972,0.0
77.3701203404755,0.0
77.39947167596125,0.0
77.42882301144702,0.0
77.4581743469328,0.0
77.48752568241855,0.0
77.51687701790432,0.0
77.54622835339008,0.0
77.57557968887585,0.0
77.60493102436162,0.0
77.63428235984738,0.0
77.66363369533313,0.0
77.6929850308189,0.0
77.72233636630467,0.0
77.75168770179043,0.0
77.7810390372762,0.0
77.81039037276196,0.0
77.83974170824773,0.0
77.8690930437335,0.0
77.89844437921926,0.0
77.92779571470503,0.0
77.95714705019078,0.0
77.98649838567655,0.0
78.01584972116231,0.0
78.04520105664808,0.0
78.07455239213385,0.0
78.10390372761961,0.0
78.13325506310537,0.0
78.16260639859114,0.0
78.19195773407691,0.0
78.22130906956266,0.0
78.25066040504844,0.0
78.28001174053419,0.0
78.30936307601996,0.0
78.33871441150573,0.0
78.36806574699149,0.0
78.39741708247726,0.0
78.42676841796303,0.0
78.45611975344879,0.0
78.48547108893455,0.0
78.51482242442032,0.0
78.54417375990609,0.0
78.57352509539184,0.0
78.6028764308776,0.0
78.63222776636337,0.0
78.66157910184914,0.0
78.6909304373349,0.0
78.72028177282067,0.0
78.74963310830643,0.0
78.7789844437922,0.0
78.80833577927797,0.0
78.83768711476372,0.0
78.8670384502495,0.0
78.89638978573527,0.0
78.92574112122102,0.0
78.95509245670678,0.0
78.98444379219255,0.0
79.01379512767832,0.0
79.04314646316408,0.0
79.07249779864985,0.0
79.1018491341356,0.0
79.13120046962138,0.0
79.16055180510715,0.0
79.1899031405929,0.0
79.21925447607867,0.0
79.24860581156443,0.0
79.2779571470502,0.0
79.30730848253596,0.0
79.33665981802173,0.0
79.3660111535075,0.0
79.39536248899326,0.0
79.42471382447901,0.0
79.45406515996478,0.0
79.48341649545056,0.0
79.51276783093631,0.0
79.54211916642208,0.0
79.57147050190784,0.0
79.6008218373936,0.0
79.63017317287938,0.0
79.65952450836514,0.0
79.68887584385091,0.0
79.71822717933667,0.0
79.74757851482244,0.0
79.77692985030819,0.0
79.80628118579396,0.0
79.83563252127973,0.0
79.86498385676548,0.0
79.89433519225125,0.0
79.92368652773702,0.0
79.95303786322278,0.0
79.98238919870855,0.0
80.01174053419432,0.0
80.04109186968007,0.0
80.07044320516583,0.0
80.09979454065162,0.0
80.12914587613737,0.0
80.15849721162313,0.0
80.1878485471089,0.0
80.21719988259466,0.0
80.24655121808043,0.0
80.2759025535662,0.0
80.30525388905195,0.0
80.33460522453771,0.0
80.36395656002348,0.0
80.39330789550925,0.0
80.42265923099501,0.0
80.45201056648078,0.0
80.48136190196655,0.0
80.51071323745231,0.0
80.54006457293806,0.0
80.56941590842384,0.0
80.5987672439096,0.0
80.62811857939536,0.0
80.65746991488113,0.0
80.68682125036689,0.0
80.71617258585266,0.0
80.74552392133843,0.0
80.77487525682419,0.0
80.80422659230994,0.0
80.83357792779572,0.0
80.86292926328149,0.0
80.89228059876724,0.0
80.92163193425301,0.0
80.95098326973878,0.0
80.98033460522454,0.0
81.00968594071031,0.0
81.03903727619607,0.0
81.06838861168184,0.0
81.0977399471676,0.0
81.12709128265337,0.0
81.15644261813914,0.0
81.1857939536249,0.0
81.21514528911067,0.0
81.24449662459642,0.0
81.2738479600822,0.0
81.30319929556796,0.0
81.33255063105372,0.0
81.36190196653948,0.0
81.39125330202525,0.0
81.42060463751102,0.0
81.44995597299678,0.0
81.47930730848255,0.0
81.50865864396832,0.0
81.53800997945407,0.0
81.56736131493984,0.0
81.5967126504256,0.0
81.62606398591137,0.0
81.65541532139714,0.0
81.6847666568829,0.0
81.71411799236866,0.0
81.74346932785443,0.0
81.7728206633402,0.0
81.80217199882595,0.0
81.8315233343117,0.0
81.86087466979748,0.0
81.89022600528325,0.0
81.91957734076901,0.0
81.94892867625478,0.0
81.97828001174055,0.0
82.00763134722631,0.0
82.03698268271208,0.0
82.06633401819784,0.0
82.0956853536836,0.0
82.12503668916938,0.0
82.15438802465513,0.0
82.18373936014088,0.0
82.21309069562666,0.0
82.24244203111243,0.0
82.27179336659819,0.0
82.30114470208393,0.0
82.3304960375697,0.0
82.35984737305549,0.0
82.38919870854123,0.0
82.41855004402701,0.0
82.44790137951279,0.0
82.47725271499854,0.0
82.50660405048431,0.0
82.53595538597006,0.0
82.56530672145584,0.0
82.59465805694161,0.0
82.62400939242737,0.0
82.65336072791311,0.0
82.68271206339888,0.0
82.71206339888467,0.0
82.74141473437041,0.0
82.7707660698562,0.0
82.80011740534194,0.0
82.8294687408277,0.0
82.85882007631349,0.0
82.88817141179923,0.0
82.91752274728502,0.0
82.94687408277076,0.0
82.97622541825655,0.0
83.00557675374229,0.0
83.03492808922806,0.0
83.06427942471385,0.0
83.09363076019959,0.0
83.12298209568534,0.0
83.15233343117112,0.0
83.18168476665689,0.0
83.21103610214264,0.0
83.24038743762841,0.0
83.26973877311417,0.0
83.29909010859994,0.0
83.32844144408573,0.0
83.35779277957147,0.0
83.38714411505724,0.0
83.41649545054302,0.0
83.44584678602877,0.0
83.47519812151452,0.0
83.5045494570003,0.0
83.53390079248607,0.0
83.56325212797182,0.0
83.59260346345758,0.0
83.62195479894335,0.0
83.65130613442912,0.0
83.68065746991488,0.0
83.71000880540065,0.0
83.7393601408864,0.0
83.76871147637218,0.0
83.79806281185795,0.0
83.8274141473437,0.0
83.85676548282947,0.0
83.88611681831524,0.0
83.915468153801,0.0
83.94481948928676,0.0
83.97417082477253,0.0
84.0035221602583,0.0
84.03287349574406,0.0
84.06222483122983,0.0
84.09157616671558,0.0
84.12092750220135,0.0
84.15027883768713,0.0
84.17963017317288,0.0
84.20898150865864,0.0
84.23833284414441,0.0
84.26768417963018,0.0
84.29703551511594,0.0
84.32638685060171,0.0
84.35573818608748,0.0
84.38508952157324,0.0
84.41444085705899,0.0
84.44379219254476,0.0
84.47314352803053,0.0
84.50249486351629,0.0
84.53184619900206,0.0
84.56119753448782,0.0
84.59054886997359,0.0
84.61990020545936,0.0
84.64925154094512,0.0
84.67860287643087,0.0
84.70795421191664,0.0
84.73730554740241,0.0
84.76665688288817,0.0
84.79600821837394,0.0
84.82535955385971,0.0
84.85471088934547,0.0
84.88406222483123,0.0
84.913413560317,0.0
84.94276489580277,0.0
84.97211623128852,0.0
85.0014675667743,0.0
85.03081890226005,0.0
85.06017023774582,0.0
85.0895215732316,0.0
85.11887290871735,0.0
85.1482242442031,0.0
85.17757557968888,0.0
85.20692691517465,0.0
85.2362782506604,0.0
85.26562958614618,0.0
85.29498092163195,0.0
85.3243322571177,0.0
85.35368359260347,0.0
85.38303492808923,0.0
85.412386263575,0.0
85.44173759906076,0.0
85.47108893454653,0.0
85.50044027003229,0.0
85.52979160551806,0.0
85.55914294100383,0.0
85.58849427648958,0.0
85.61784561197534,0.0
85.64719694746111,0.0
85.67654828294688,0.0
85.70589961843264,0.0
85.73525095391841,0.0
85.76460228940418,0.0
85.79395362488994,0.0
85.82330496037571,0.0
85.85265629586146,0.0
85.88200763134724,0.0
85.911358966833,0.0
85.94071030231876,0.0
85.97006163780452,0.0
85.99941297329029,0.0
86.02876430877606,0.0
86.05811564426182,0.0
86.08746697974757,0.0
86.11681831523335,0.0
86.14616965071912,0.0
86.17552098620487,0.0
86.20487232169064,0.0
86.23422365717641,0.0
86.26357499266217,0.0
86.29292632814794,0.0
86.3222776636337,0.0
86.35162899911947,0.0
86.38098033460524,0.0
86.410331670091,0.0
86.43968300557675,0.0
86.46903434106252,0.0
86.4983856765483,0.0
86.52773701203405,0.0
86.55708834751982,0.0
86.58643968300558,0.0
86.61579101849135,0.0
86.64514235397712,0.0
86.67449368946288,0.0
86.70384502494865,0.0
86.7331963604344,0.0
86.76254769592018,0.0
86.79189903140593,0.0
86.8212503668917,0.0
86.85060170237747,0.0
86.87995303786323,0.0
86.90930437334899,0.0
86.93865570883476,0.0
86.96800704432053,0.0
86.99735837980629,0.0
87.02670971529206,0.0
87.05606105077781,0.0
87.08541238626358,0.0
87.11476372174936,0.0
87.14411505723511,0.0
87.17346639272088,0.0
87.20281772820665,0.0
87.23216906369241,0.0
87.26152039917817,0.0
87.29087173466394,0.0
87.32022307014971,0.0
87.34957440563547,0.0
87.37892574112122,0.0
87.40827707660699,0.0
87.43762841209276,0.0
87.46697974757852,0.0
87.49633108306429,0.0
87.52568241855005,0.0
87.55503375403582,0.0
87.58438508952159,0.0
87.61373642500735,0.0
87.64308776049312,0.0
87.67243909597889,0.0
87.70179043146464,0.0
87.7311417669504,0.0
87.76049310243617,0.0
87.78984443792194,0.0
87.8191957734077,0.0
87.84854710889347,0.0
87.87789844437923,0.0
87.907249779865,0.0
87.93660111535074,0.0
87.96595245083653,0.0
87.99530378632227,0.0
88.02465512180805,0.0
88.05400645729382,0.0
88.08335779277957,0.0
88.11270912826535,0.0
88.14206046375112,0.0
88.17141179923688,0.0
88.20076313472262,0.0
88.2301144702084,0.0
88.25946580569418,0.0
88.28881714117992,0.0
88.3181684766657,0.0
88.34751981215145,0.0
88.37687114763723,0.0
88.406222483123,0.0
88.43557381860875,0.0
88.4649251540945,0.0
88.49427648958027,0.0
88.52362782506606,0.0
88.5529791605518,0.0
88.58233049603759,0.0
88.61168183152336,0.0
88.6410331670091,0.0
88.67038450249485,0.0
88.69973583798063,0.0
88.72908717346641,0.0
88.75843850895215,0.0
88.78778984443792,0.0
88.81714117992368,0.0
88.84649251540945,0.0
88.87584385089524,0.0
88.90519518638098,0.0
88.93454652186674,0.0
88.9638978573525,0.0
88.99324919283828,0.0
89.02260052832403,0.0
89.0519518638098,0.0
89.08130319929559,0.0
89.11065453478133,0.0
89.14000587026709,0.0
89.16935720575286,0.0
89.19870854123863,0.0
89.22805987672439,0.0
89.25741121221016,0.0
89.28676254769591,0.0
89.31611388318169,0.0
89.34546521866746,0.0
89.37481655415321,0.0
89.40416788963897,0.0
89.43351922512474,0.0
89.46287056061051,0.0
89.49222189609627,0.0
89.52157323158204,0.0
89.55092456706781,0.0
89.58027590255357,0.0
89.60962723803934,0.0
89.6389785735251,0.0
89.66832990901086,0.0
89.69768124449664,0.0
89.72703257998239,0.0
89.75638391546815,0.0
89.78573525095392,0.0
89.81508658643969,0.0
89.84443792192545,0.0
89.8737892574112,0.0
89.90314059289697,0.0
89.93249192838275,0.0
89.9618432638685,0.0
89.99119459935427,0.0
90.02054593484004,0.0
90.0498972703258,0.0
90.07924860581157,0.0
90.10859994129733,0.0
90.1379512767831,0.0
90.16730261226887,0.0
90.19665394775463,0.0
90.22600528324038,0.0
90.25535661872615,0.0
90.28470795421192,0.0
90.31405928969768,0.0
90.34341062518345,0.0
90.37276196066921,0.0
90.40211329615498,0.0
90.43146463164074,0.0
90.4608159671265,0.0
90.49016730261228,0.0
90.51951863809803,0.0
90.5488699735838,0.0
90.57822130906956,0.0
90.60757264455533,0.0
90.6369239800411,0.0
90.66627531552686,0.0
90.69562665101262,0.0
90.72497798649839,0.0
90.75432932198416,0.0
90.78368065746992,0.0
90.81303199295569,0.0
90.84238332844144,0.0
90.87173466392721,0.0
90.90108599941298,0.0
90.93043733489874,0.0
90.95978867038451,0.0
90.98914000587028,0.0
91.01849134135604,0.0
91.0478426768418,0.0
91.07719401232757,0.0
91.10654534781334,0.0
91.1358966832991,0.0
91.16524801878485,0.0
91.19459935427062,0.0
91.22395068975639,0.0
91.25330202524215,0.0
91.28265336072792,0.0
91.31200469621368,0.0
91.34135603169945,0.0
91.37070736718522,0.0
91.40005870267098,0.0
91.42941003815675,0.0
91.45876137364252,0.0
91.48811270912827,0.0
91.51746404461403,0.0
91.5468153800998,0.0
91.57616671558557,0.0
91.60551805107133,0.0
91.63486938655709,0.0
91.66422072204286,0.0
91.69357205752863,0.0
91.72292339301438,0.0
91.75227472850015,0.0
91.78162606398593,0.0
91.81097739947168,0.0
91.84032873495745,0.0
91.86968007044321,0.0
91.89903140592898,0.0
91.92838274141475,0.0
91.95773407690051,0.0
91.98708541238626,0.0
92.01643674787204,0.0
92.0457880833578,0.0
92.07513941884356,0.0
92.10449075432933,0.0
92.13384208981509,0.0
92.16319342530086,0.0
92.19254476078663,0.0
92.22189609627239,0.0
92.25124743175816,0.0
92.28059876724392,0.0
92.30995010272969,0.0
92.33930143821544,0.0
92.36865277370121,0.0
92.39800410918699,0.0
92.42735544467274,0.0
92.4567067801585,0.0
92.48605811564427,0.0
92.51540945113004,0.0
92.5447607866158,0.0
92.57411212210157,0.0
92.60346345758732,0.0
92.6328147930731,0.0
92.66216612855887,0.0
92.69151746404462,0.0
92.7208687995304,0.0
92.75022013501615,0.0
92.77957147050192,0.0
92.80892280598768,0.0
92.83827414147345,0.0
92.86762547695922,0.0
92.89697681244498,0.0
92.92632814793073,0.0
92.9556794834165,0.0
92.98503081890227,0.0
93.01438215438803,0.0
93.0437334898738,0.0
93.07308482535956,0.0
93.10243616084533,0.0
93.1317874963311,0.0
93.16113883181686,0.0
93.19049016730263,0.0
93.2198415027884,0.0
93.24919283827415,0.0
93.27854417375991,0.0
93.30789550924568,0.0
93.33724684473145,0.0
93.36659818021721,0.0
93.39594951570298,0.0
93.42530085118874,0.0
93.45465218667451,0.0
93.48400352216026,0.0
93.51335485764604,0.0
93.54270619313178,0.0
93.57205752861756,0.0
93.60140886410333,0.0
93.63076019958909,0.0
93.66011153507486,0.0
93.68946287056063,0.0
93.71881420604639,0.0
93.74816554153213,0.0
93.77751687701792,0.0
93.80686821250369,0.0
93.83621954798944,0.0
93.86557088347521,0.0
93.89492221896096,0.0
93.92427355444674,0.0
93.95362488993251,0.0
93.98297622541827,0.0
94.01232756090401,0.0
94.04167889638978,0.0
94.07103023187557,0.0
94.10038156736131,0.0
94.1297329028471,0.0
94.15908423833287,0.0
94.18843557381862,0.0
94.21778690930437,0.0
94.24713824479014,0.0
94.27648958027592,0.0
94.30584091576166,0.0
94.33519225124745,0.0
94.36454358673319,0.0
94.39389492221896,0.0
94.42324625770475,0.0
94.45259759319049,0.0
94.48194892867625,0.0
94.51130026416202,0.0
94.5406515996478,0.0
94.57000293513354,0.0
94.59935427061932,0.0
94.6287056061051,0.0
94.65805694159084,0.0
94.68740827707663,0.0
94.71675961256237,0.0
94.74611094804814,0.0
94.7754622835339,0.0
94.80481361901967,0.0
94.83416495450543,0.0
94.8635162899912,0.0
94.89286762547697,0.0
94.92221896096272,0.0
94.95157029644848,0.0
94.98092163193425,0.0
95.01027296742002,0.0
95.03962430290578,0.0
95.06897563839155,0.0
95.09832697387732,0.0
95.12767830936308,0.0
95.15702964484885,0.0
95.1863809803346,0.0
95.21573231582038,0.0
95.24508365130615,0.0
95.2744349867919,0.0
95.30378632227766,0.0
95.33313765776343,0.0
95.3624889932492,0.0
95.39184032873496,0.0
95.42119166422071,0.0
95.45054299970649,0.0
95.47989433519226,0.0
95.50924567067801,0.0
95.53859700616378,0.0
95.56794834164955,0.0
95.59729967713531,0.0
95.62665101262108,0.0
95.65600234810684,0.0
95.68535368359261,0.0
95.71470501907838,0.0
95.74405635456414,0.0
95.7734076900499,0.0
95.80275902553566,0.0
95.83211036102144,0.0
95.86146169650719,0.0
95.89081303199296,0.0
95.92016436747872,0.0
95.94951570296449,0.0
95.97886703845025,0.0
96.00821837393602,0.0
96.03756970942179,0.0
96.06692104490755,0.0
96.09627238039332,0.0
96.12562371587907,0.0
96.15497505136484,0.0
96.18432638685061,0.0
96.21367772233637,0.0
96.24302905782213,0.0
96.2723803933079,0.0
96.30173172879367,0.0
96.33108306427943,0.0
96.3604343997652,0.0
96.38978573525095,0.0
96.41913707073672,0.0
96.4484884062225,0.0
96.47783974170825,0.0
96.50719107719402,0.0
96.5365424126798,0.0
96.56589374816555,0.0
96.5952450836513,0.0
96.62459641913708,0.0
96.65394775462285,0.0
96.6832990901086,0.0
96.71265042559436,0.0
96.74200176108013,0.0
96.7713530965659,0.0
96.80070443205166,0.0
96.83005576753743,0.0
96.85940710302319,0.0
96.88875843850896,0.0
96.91810977399473,0.0
96.94746110948049,0.0
96.97681244496626,0.0
97.00616378045203,0.0
97.03551511593778,0.0
97.06486645142354,0.0
97.09421778690931,0.0
97.12356912239508,0.0
97.15292045788084,0.0
97.18227179336661,0.0
97.21162312885237,0.0
97.24097446433814,0.0
97.2703257998239,0.0
97.29967713530966,0.0
97.32902847079542,0.0
97.35837980628119,0.0
97.38773114176696,0.0
97.41708247725272,0.0
97.44643381273849,0.0
97.47578514822426,0.0
97.50513648371002,0.0
97.53448781919577,0.0
97.56383915468155,0.0
97.59319049016732,0.0
97.62254182565307,0.0
97.65189316113884,0.0
97.6812444966246,0.0
97.71059583211037,0.0
97.73994716759614,0.0
97.7692985030819,0.0
97.79864983856766,0.0
97.82800117405343,0.0
97.8573525095392,0.0
97.88670384502495,0.0
97.91605518051072,0.0
97.9454065159965,0.0
97.97475785148225,0.0
98.00410918696801,0.0
98.03346052245378,0.0
98.06281185793955,0.0
98.0921631934253,0.0
98.12151452891108,0.0
98.15086586439683,0.0
98.1802171998826,0.0
98.20956853536838,0.0
98.23891987085413,0.0
98.26827120633989,0.0
98.29762254182566,0.0
98.32697387731143,0.0
98.35632521279719,0.0
98.38567654828296,0.0
98.41502788376873,0.0
98.44437921925449,0.0
98.47373055474024,0.0
98.50308189022601,0.0
98.53243322571178,0.0
98.56178456119754,0.0
98.59113589668331,0.0
98.62048723216907,0.0
98.64983856765484,0.0
98.67918990314061,0.0
98.70854123862637,0.0
98.73789257411212,0.0
98.7672439095979,0.0
98.79659524508367,0.0
98.82594658056942,0.0
98.85529791605519,0.0
98.88464925154096,0.0
98.91400058702672,0.0
98.94335192251249,0.0
98.97270325799825,0.0
99.00205459348402,0.0
99.03140592896979,0.0
99.06075726445555,0.0
99.0901085999413,0.0
99.11945993542707,0.0
99.14881127091284,0.0
99.1781626063986,0.0
99.20751394188434,0.0
99.23686527737013,0.0
99.2662166128559,0.0
99.29556794834164,0.0
99.32491928382743,0.0
99.3542706193132,0.0
99.38362195479895,0.0
99.41297329028473,0.0
99.44232462577048,0.0
99.47167596125625,0.0
99.50102729674202,0.0
99.53037863222778,0.0
99.55972996771352,0.0
99.58908130319931,0.0
99.61843263868508,0.0
99.64778397417082,0.0
99.6771353096566,0.0
99.70648664514235,0.0
99.73583798062813,0.0
99.76518931611388,0.0
99.79454065159966,0.0
99.82389198708543,0.0
99.85324332257117,0.0
99.88259465805696,0.0
99.9119459935427,0.0
99.94129732902849,0.0
99.97064866451426,0.0
100.0,0.0
