tau,diff_Eeta,diff_Eeta_variance,diff_Eeta_std,diff_Eeta_error,N_events
0.1180637544273908,0.0,0.0,0.0,0.0,1
0.2361275088547816,0.0,0.0,0.0,0.0,1
0.35419126328217243,0.0,0.0,0.0,0.0,1
0.4722550177095632,0.0,0.0,0.0,0.0,1
0.590318772136954,0.0,0.0,0.0,0.0,1
0.7083825265643449,0.0,0.0,0.0,0.0,1
0.8264462809917357,0.0,0.0,0.0,0.0,1
0.9445100354191264,0.0,0.0,0.0,0.0,1
1.0625737898465173,0.0,0.0,0.0,0.0,1
1.180637544273908,0.0,0.0,0.0,0.0,1
1.2987012987012987,0.0,0.0,0.0,0.0,1
1.4167650531286897,0.0,0.0,0.0,0.0,1
1.5348288075560803,0.0,0.0,0.0,0.0,1
1.6528925619834713,0.0,0.0,0.0,0.0,1
1.7709563164108622,0.0,0.0,0.0,0.0,1
1.8890200708382527,0.0,0.0,0.0,0.0,1
2.0070838252656436,0.0,0.0,0.0,0.0,1
2.1251475796930346,0.0,0.0,0.0,0.0,1
2.243211334120425,0.0,0.0,0.0,0.0,1
2.361275088547816,0.0,0.0,0.0,0.0,1
2.479338842975207,0.0,0.0,0.0,0.0,1
2.5974025974025974,0.0,0.0,0.0,0.0,1
2.7154663518299884,0.0,0.0,0.0,0.0,1
2.8335301062573794,0.0,0.0,0.0,0.0,1
2.95159386068477,0.0,0.0,0.0,0.0,1
3.0696576151121606,0.0,0.0,0.0,0.0,1
3.1877213695395517,0.0,0.0,0.0,0.0,1
3.3057851239669427,0.0,0.0,0.0,0.0,1
3.4238488783943337,0.0,0.0,0.0,0.0,1
3.5419126328217243,0.0,0.0,0.0,0.0,1
3.659976387249114,0.0,0.0,0.0,0.0,1
3.7780401416765055,0.0,0.0,0.0,0.0,1
3.8961038961038965,0.0,0.0,0.0,0.0,1
4.014167650531287,0.0,0.0,0.0,0.0,1
4.132231404958678,0.0,0.0,0.0,0.0,1
4.250295159386069,0.0,0.0,0.0,0.0,1
4.36835891381346,0.0,0.0,0.0,0.0,1
4.48642266824085,0.0,0.0,0.0,0.0,1
4.604486422668241,0.0,0.0,0.0,0.0,1
4.722550177095632,0.0,0.0,0.0,0.0,1
4.8406139315230226,0.0,0.0,0.0,0.0,1
4.958677685950414,0.0,0.0,0.0,0.0,1
5.076741440377805,0.0,0.0,0.0,0.0,1
5.194805194805195,0.0,0.0,0.0,0.0,1
5.312868949232585,0.0,0.0,0.0,0.0,1
5.430932703659977,0.0,0.0,0.0,0.0,1
5.548996458087367,0.0,0.0,0.0,0.0,1
5.667060212514759,0.0,0.0,0.0,0.0,1
5.785123966942149,0.0,0.0,0.0,0.0,1
5.90318772136954,0.0,0.0,0.0,0.0,1
6.02125147579693,0.0,0.0,0.0,0.0,1
6.139315230224321,0.0,0.0,0.0,0.0,1
6.257378984651713,0.0,0.0,0.0,0.0,1
6.375442739079103,0.0,0.0,0.0,0.0,1
6.493506493506493,0.0,0.0,0.0,0.0,1
6.611570247933885,0.0,0.0,0.0,0.0,1
6.729634002361275,0.0,0.0,0.0,0.0,1
6.847697756788667,0.0,0.0,0.0,0.0,1
6.965761511216058,0.0,0.0,0.0,0.0,1
7.083825265643449,0.0,0.0,0.0,0.0,1
7.20188902007084,0.0,0.0,0.0,0.0,1
7.319952774498228,0.0,0.0,0.0,0.0,1
7.438016528925621,0.0,0.0,0.0,0.0,1
7.556080283353011,0.0,0.0,0.0,0.0,1
7.674144037780403,0.0,0.0,0.0,0.0,1
7.792207792207793,0.0,0.0,0.0,0.0,1
7.910271546635184,0.0,0.0,0.0,0.0,1
8.028335301062574,0.0,0.0,0.0,0.0,1
8.146399055489965,0.0,0.0,0.0,0.0,1
8.264462809917356,0.0,0.0,0.0,0.0,1
8.382526564344747,0.0,0.0,0.0,0.0,1
8.500590318772138,0.0,0.0,0.0,0.0,1
8.61865407319953,0.0,0.0,0.0,0.0,1
8.73671782762692,0.0,0.0,0.0,0.0,1
8.85478158205431,0.0,0.0,0.0,0.0,1
8.9728453364817,0.0,0.0,0.0,0.0,1
9.090909090909092,0.0,0.0,0.0,0.0,1
9.208972845336483,0.0,0.0,0.0,0.0,1
9.327036599763874,0.0,0.0,0.0,0.0,1
9.445100354191265,0.0,0.0,0.0,0.0,1
9.563164108618656,0.0,0.0,0.0,0.0,1
9.681227863046045,0.0,0.0,0.0,0.0,1
9.799291617473436,0.0,0.0,0.0,0.0,1
9.917355371900827,0.0,0.0,0.0,0.0,1
10.035419126328218,0.0,0.0,0.0,0.0,1
10.15348288075561,0.0,0.0,0.0,0.0,1
10.271546635182998,0.0,0.0,0.0,0.0,1
10.38961038961039,0.0,0.0,0.0,0.0,1
10.50767414403778,0.0,0.0,0.0,0.0,1
10.62573789846517,0.0,0.0,0.0,0.0,1
10.743801652892563,0.0,0.0,0.0,0.0,1
10.861865407319954,0.0,0.0,0.0,0.0,1
10.979929161747345,0.0,0.0,0.0,0.0,1
11.097992916174734,0.0,0.0,0.0,0.0,1
11.216056670602125,0.0,0.0,0.0,0.0,1
11.334120425029518,0.0,0.0,0.0,0.0,1
11.452184179456905,0.0,0.0,0.0,0.0,1
11.570247933884298,0.0,0.0,0.0,0.0,1
11.688311688311689,0.0,0.0,0.0,0.0,1
11.80637544273908,0.0,0.0,0.0,0.0,1
11.92443919716647,0.0,0.0,0.0,0.0,1
12.04250295159386,0.0,0.0,0.0,0.0,1
12.160566706021253,0.0,0.0,0.0,0.0,1
12.278630460448642,0.0,0.0,0.0,0.0,1
12.396694214876035,0.0,0.0,0.0,0.0,1
12.514757969303426,0.0,0.0,0.0,0.0,1
12.632821723730814,0.0,0.0,0.0,0.0,1
12.750885478158207,0.0,0.0,0.0,0.0,1
12.8689492325856,0.0,0.0,0.0,0.0,1
12.987012987012985,0.0,0.0,0.0,0.0,1
13.105076741440378,0.0,0.0,0.0,0.0,1
13.22314049586777,0.0,0.0,0.0,0.0,1
13.341204250295162,0.0,0.0,0.0,0.0,1
13.45926800472255,0.0,0.0,0.0,0.0,1
13.577331759149942,0.0,0.0,0.0,0.0,1
13.695395513577335,0.0,0.0,0.0,0.0,1
13.81345926800472,0.0,0.0,0.0,0.0,1
13.931523022432115,0.0,0.0,0.0,0.0,1
14.049586776859506,0.0,0.0,0.0,0.0,1
14.167650531286897,0.0,0.0,0.0,0.0,1
14.285714285714286,0.0,0.0,0.0,0.0,1
14.40377804014168,0.0,0.0,0.0,0.0,1
14.52184179456907,0.0,0.0,0.0,0.0,1
14.639905548996456,0.0,0.0,0.0,0.0,1
14.75796930342385,0.0,0.0,0.0,0.0,1
14.876033057851242,0.0,0.0,0.0,0.0,1
14.994096812278633,0.0,0.0,0.0,0.0,1
15.112160566706022,0.0,0.0,0.0,0.0,1
15.230224321133415,0.0,0.0,0.0,0.0,1
15.348288075560806,0.0,0.0,0.0,0.0,1
15.466351829988195,0.0,0.0,0.0,0.0,1
15.584415584415586,0.0,0.0,0.0,0.0,1
15.702479338842977,0.0,0.0,0.0,0.0,1
15.820543093270368,0.0,0.0,0.0,0.0,1
15.938606847697757,0.0,0.0,0.0,0.0,1
16.05667060212515,0.0,0.0,0.0,0.0,1
16.17473435655254,0.0,0.0,0.0,0.0,1
16.29279811097993,0.0,0.0,0.0,0.0,1
16.410861865407323,0.0,0.0,0.0,0.0,1
16.528925619834713,0.0,0.0,0.0,0.0,1
16.646989374262105,0.0,0.0,0.0,0.0,1
16.765053128689495,0.0,0.0,0.0,0.0,1
16.883116883116884,0.0,0.0,0.0,0.0,1
17.001180637544277,0.0,0.0,0.0,0.0,1
17.119244391971666,0.0,0.0,0.0,0.0,1
17.23730814639906,0.0,0.0,0.0,0.0,1
17.355371900826448,0.0,0.0,0.0,0.0,1
17.47343565525384,0.0,0.0,0.0,0.0,1
17.59149940968123,0.0,0.0,0.0,0.0,1
17.70956316410862,0.0,0.0,0.0,0.0,1
17.827626918536012,0.0,0.0,0.0,0.0,1
17.9456906729634,0.0,0.0,0.0,0.0,1
18.063754427390794,0.0,0.0,0.0,0.0,1
18.181818181818183,0.0,0.0,0.0,0.0,1
18.299881936245576,0.0,0.0,0.0,0.0,1
18.417945690672965,0.0,0.0,0.0,0.0,1
18.536009445100355,0.0,0.0,0.0,0.0,1
18.654073199527748,0.0,0.0,0.0,0.0,1
18.772136953955137,0.0,0.0,0.0,0.0,1
18.89020070838253,0.0,0.0,0.0,0.0,1
19.00826446280992,0.0,0.0,0.0,0.0,1
19.12632821723731,0.0,0.0,0.0,0.0,1
19.2443919716647,0.0,0.0,0.0,0.0,1
19.36245572609209,0.0,0.0,0.0,0.0,1
19.480519480519483,0.0,0.0,0.0,0.0,1
19.598583234946872,0.0,0.0,0.0,0.0,1
19.716646989374265,0.0,0.0,0.0,0.0,1
19.834710743801654,0.0,0.0,0.0,0.0,1
19.952774498229047,0.0,0.0,0.0,0.0,1
20.070838252656436,0.0,0.0,0.0,0.0,1
20.188902007083826,0.0,0.0,0.0,0.0,1
20.30696576151122,0.0,0.0,0.0,0.0,1
20.425029515938608,0.0,0.0,0.0,0.0,1
20.543093270365997,0.0,0.0,0.0,0.0,1
20.66115702479339,0.0,0.0,0.0,0.0,1
20.77922077922078,0.0,0.0,0.0,0.0,1
20.89728453364817,0.0,0.0,0.0,0.0,1
21.01534828807556,0.0,0.0,0.0,0.0,1
21.13341204250295,0.0,0.0,0.0,0.0,1
21.25147579693034,0.0,0.0,0.0,0.0,1
21.369539551357736,0.0,0.0,0.0,0.0,1
21.487603305785125,0.0,0.0,0.0,0.0,1
21.605667060212514,0.0,0.0,0.0,0.0,1
21.723730814639907,0.0,0.0,0.0,0.0,1
21.841794569067297,0.0,0.0,0.0,0.0,1
21.95985832349469,0.0,0.0,0.0,0.0,1
22.07792207792208,0.0,0.0,0.0,0.0,1
22.195985832349468,0.0,0.0,0.0,0.0,1
22.31404958677686,0.0,0.0,0.0,0.0,1
22.43211334120425,0.0,0.0,0.0,0.0,1
22.55017709563164,0.0,0.0,0.0,0.0,1
22.668240850059036,0.0,0.0,0.0,0.0,1
22.78630460448642,0.0,0.0,0.0,0.0,1
22.90436835891381,0.0,0.0,0.0,0.0,1
23.022432113341207,0.0,0.0,0.0,0.0,1
23.140495867768596,0.0,0.0,0.0,0.0,1
23.258559622195985,0.0,0.0,0.0,0.0,1
23.376623376623378,0.0,0.0,0.0,0.0,1
23.494687131050767,0.0,0.0,0.0,0.0,1
23.61275088547816,0.0,0.0,0.0,0.0,1
23.73081463990555,0.0,0.0,0.0,0.0,1
23.84887839433294,0.0,0.0,0.0,0.0,1
23.96694214876033,0.0,0.0,0.0,0.0,1
24.08500590318772,0.0,0.0,0.0,0.0,1
24.20306965761511,0.0,0.0,0.0,0.0,1
24.321133412042506,0.0,0.0,0.0,0.0,1
24.4391971664699,0.0,0.0,0.0,0.0,1
24.557260920897285,0.0,0.0,0.0,0.0,1
24.675324675324678,0.0,0.0,0.0,0.0,1
24.79338842975207,0.0,0.0,0.0,0.0,1
24.911452184179456,0.0,0.0,0.0,0.0,1
25.029515938606853,0.0,0.0,0.0,0.0,1
25.147579693034242,0.0,0.0,0.0,0.0,1
25.265643447461628,0.0,0.0,0.0,0.0,1
25.383707201889024,0.0,0.0,0.0,0.0,1
25.501770956316413,0.0,0.0,0.0,0.0,1
25.6198347107438,0.0,0.0,0.0,0.0,1
25.7378984651712,0.0,0.0,0.0,0.0,1
25.85596221959858,0.0,0.0,0.0,0.0,1
25.97402597402597,0.0,0.0,0.0,0.0,1
26.09208972845337,0.0,0.0,0.0,0.0,1
26.210153482880756,0.0,0.0,0.0,0.0,1
26.328217237308152,0.0,0.0,0.0,0.0,1
26.44628099173554,0.0,0.0,0.0,0.0,1
26.564344746162927,0.0,0.0,0.0,0.0,1
26.682408500590324,0.0,0.0,0.0,0.0,1
26.800472255017713,0.0,0.0,0.0,0.0,1
26.9185360094451,0.0,0.0,0.0,0.0,1
27.036599763872495,0.0,0.0,0.0,0.0,1
27.154663518299884,0.0,0.0,0.0,0.0,1
27.27272727272727,0.0,0.0,0.0,0.0,1
27.39079102715467,0.0,0.0,0.0,0.0,1
27.50885478158206,0.0,0.0,0.0,0.0,1
27.62691853600944,0.0,0.0,0.0,0.0,1
27.74498229043684,0.0,0.0,0.0,0.0,1
27.86304604486423,0.0,0.0,0.0,0.0,1
27.981109799291623,0.0,0.0,0.0,0.0,1
28.099173553719012,0.0,0.0,0.0,0.0,1
28.2172373081464,0.0,0.0,0.0,0.0,1
28.335301062573794,0.0,0.0,0.0,0.0,1
28.453364817001184,0.0,0.0,0.0,0.0,1
28.571428571428573,0.0,0.0,0.0,0.0,1
28.68949232585597,0.0,0.0,0.0,0.0,1
28.80755608028336,0.0,0.0,0.0,0.0,1
28.92561983471074,0.0,0.0,0.0,0.0,1
29.04368358913814,0.0,0.0,0.0,0.0,1
29.16174734356553,0.0,0.0,0.0,0.0,1
29.279811097992912,0.0,0.0,0.0,0.0,1
29.397874852420312,0.0,0.0,0.0,0.0,1
29.5159386068477,0.0,0.0,0.0,0.0,1
29.634002361275087,0.0,0.0,0.0,0.0,1
29.752066115702483,0.0,0.0,0.0,0.0,1
29.870129870129873,0.0,0.0,0.0,0.0,1
29.988193624557265,0.0,0.0,0.0,0.0,1
30.106257378984655,0.0,0.0,0.0,0.0,1
30.224321133412044,0.0,0.0,0.0,0.0,1
30.34238488783944,0.0,0.0,0.0,0.0,1
30.46044864226683,0.0,0.0,0.0,0.0,1
30.57851239669422,0.0,0.0,0.0,0.0,1
30.69657615112161,0.0,0.0,0.0,0.0,1
30.814639905549,0.0,0.0,0.0,0.0,1
30.93270365997639,0.0,0.0,0.0,0.0,1
31.050767414403783,0.0,0.0,0.0,0.0,1
31.168831168831172,0.0,0.0,0.0,0.0,1
31.28689492325856,0.0,0.0,0.0,0.0,1
31.404958677685954,0.0,0.0,0.0,0.0,1
31.523022432113343,0.0,0.0,0.0,0.0,1
31.641086186540736,0.0,0.0,0.0,0.0,1
31.759149940968125,0.0,0.0,0.0,0.0,1
31.877213695395515,0.0,0.0,0.0,0.0,1
31.99527744982291,0.0,0.0,0.0,0.0,1
32.1133412042503,0.0,0.0,0.0,0.0,1
32.231404958677686,0.0,0.0,0.0,0.0,1
32.34946871310508,0.0,0.0,0.0,0.0,1
32.46753246753247,0.0,0.0,0.0,0.0,1
32.58559622195986,0.0,0.0,0.0,0.0,1
32.70365997638726,0.0,0.0,0.0,0.0,1
32.82172373081465,0.0,0.0,0.0,0.0,1
32.939787485242036,0.0,0.0,0.0,0.0,1
33.057851239669425,0.0,0.0,0.0,0.0,1
33.175914994096814,0.0,0.0,0.0,0.0,1
33.29397874852421,0.0,0.0,0.0,0.0,1
33.4120425029516,0.0,0.0,0.0,0.0,1
33.53010625737899,0.0,0.0,0.0,0.0,1
33.64817001180638,0.0,0.0,0.0,0.0,1
33.76623376623377,0.0,0.0,0.0,0.0,1
33.88429752066116,0.0,0.0,0.0,0.0,1
34.00236127508855,0.0,0.0,0.0,0.0,1
34.12042502951594,0.0,0.0,0.0,0.0,1
34.23848878394333,0.0,0.0,0.0,0.0,1
34.35655253837073,0.0,0.0,0.0,0.0,1
34.47461629279812,0.0,0.0,0.0,0.0,1
34.59268004722551,0.0,0.0,0.0,0.0,1
34.710743801652896,0.0,0.0,0.0,0.0,1
34.828807556080285,0.0,0.0,0.0,0.0,1
34.94687131050768,0.0,0.0,0.0,0.0,1
35.06493506493507,0.0,0.0,0.0,0.0,1
35.18299881936246,0.0,0.0,0.0,0.0,1
35.30106257378985,0.0,0.0,0.0,0.0,1
35.41912632821724,0.0,0.0,0.0,0.0,1
35.53719008264463,0.0,0.0,0.0,0.0,1
35.655253837072024,0.0,0.0,0.0,0.0,1
35.77331759149941,0.0,0.0,0.0,0.0,1
35.8913813459268,0.0,0.0,0.0,0.0,1
36.0094451003542,0.0,0.0,0.0,0.0,1
36.12750885478159,0.0,0.0,0.0,0.0,1
36.24557260920898,0.0,0.0,0.0,0.0,1
36.36363636363637,0.0,0.0,0.0,0.0,1
36.481700118063756,0.0,0.0,0.0,0.0,1
36.59976387249115,0.0,0.0,0.0,0.0,1
36.71782762691854,0.0,0.0,0.0,0.0,1
36.83589138134593,0.0,0.0,0.0,0.0,1
36.95395513577332,0.0,0.0,0.0,0.0,1
37.07201889020071,0.0,0.0,0.0,0.0,1
37.1900826446281,0.0,0.0,0.0,0.0,1
37.308146399055495,0.0,0.0,0.0,0.0,1
37.426210153482884,0.0,0.0,0.0,0.0,1
37.544273907910274,0.0,0.0,0.0,0.0,1
37.66233766233767,0.0,0.0,0.0,0.0,1
37.78040141676506,0.0,0.0,0.0,0.0,1
37.89846517119245,0.0,0.0,0.0,0.0,1
38.01652892561984,0.0,0.0,0.0,0.0,1
38.13459268004723,0.0,0.0,0.0,0.0,1
38.25265643447462,0.0,0.0,0.0,0.0,1
38.37072018890201,0.0,0.0,0.0,0.0,1
38.4887839433294,0.0,0.0,0.0,0.0,1
38.60684769775679,0.0,0.0,0.0,0.0,1
38.72491145218418,0.0,0.0,0.0,0.0,1
38.84297520661157,0.0,0.0,0.0,0.0,1
38.961038961038966,0.0,0.0,0.0,0.0,1
39.079102715466355,0.0,0.0,0.0,0.0,1
39.197166469893745,0.0,0.0,0.0,0.0,1
39.31523022432114,0.0,0.0,0.0,0.0,1
39.43329397874853,0.0,0.0,0.0,0.0,1
39.55135773317592,0.0,0.0,0.0,0.0,1
39.66942148760331,0.0,0.0,0.0,0.0,1
39.7874852420307,0.0,0.0,0.0,0.0,1
39.905548996458094,0.0,0.0,0.0,0.0,1
40.02361275088548,0.0,0.0,0.0,0.0,1
40.14167650531287,0.0,0.0,0.0,0.0,1
40.25974025974026,0.0,0.0,0.0,0.0,1
40.37780401416765,0.0,0.0,0.0,0.0,1
40.49586776859504,0.0,0.0,0.0,0.0,1
40.61393152302244,0.0,0.0,0.0,0.0,1
40.731995277449826,0.0,0.0,0.0,0.0,1
40.850059031877215,0.0,0.0,0.0,0.0,1
40.968122786304605,0.0,0.0,0.0,0.0,1
41.086186540731994,0.0,0.0,0.0,0.0,1
41.20425029515938,0.0,0.0,0.0,0.0,1
41.32231404958678,0.0,0.0,0.0,0.0,1
41.44037780401417,0.0,0.0,0.0,0.0,1
41.55844155844156,0.0,0.0,0.0,0.0,1
41.67650531286895,0.0,0.0,0.0,0.0,1
41.79456906729634,0.0,0.0,0.0,0.0,1
41.91263282172373,0.0,0.0,0.0,0.0,1
42.03069657615112,0.0,0.0,0.0,0.0,1
42.14876033057851,0.0,0.0,0.0,0.0,1
42.2668240850059,0.0,0.0,0.0,0.0,1
42.38488783943329,0.0,0.0,0.0,0.0,1
42.50295159386068,0.0,0.0,0.0,0.0,1
42.62101534828808,0.0,0.0,0.0,0.0,1
42.73907910271547,0.0,0.0,0.0,0.0,1
42.85714285714286,0.0,0.0,0.0,0.0,1
42.97520661157025,0.0,0.0,0.0,0.0,1
43.09327036599764,0.0,0.0,0.0,0.0,1
43.21133412042503,0.0,0.0,0.0,0.0,1
43.329397874852425,0.0,0.0,0.0,0.0,1
43.447461629279815,0.0,0.0,0.0,0.0,1
43.565525383707204,0.0,0.0,0.0,0.0,1
43.68358913813459,0.0,0.0,0.0,0.0,1
43.80165289256198,0.0,0.0,0.0,0.0,1
43.91971664698938,0.0,0.0,0.0,0.0,1
44.03778040141677,0.0,0.0,0.0,0.0,1
44.15584415584416,0.0,0.0,0.0,0.0,1
44.27390791027155,0.0,0.0,0.0,0.0,1
44.391971664698936,0.0,0.0,0.0,0.0,1
44.510035419126325,0.0,0.0,0.0,0.0,1
44.62809917355372,0.0,0.0,0.0,0.0,1
44.74616292798111,0.0,0.0,0.0,0.0,1
44.8642266824085,0.0,0.0,0.0,0.0,1
44.98229043683589,0.0,0.0,0.0,0.0,1
45.10035419126328,0.0,0.0,0.0,0.0,1
45.21841794569068,0.0,0.0,0.0,0.0,1
45.33648170011807,0.0,0.0,0.0,0.0,1
45.45454545454545,0.0,0.0,0.0,0.0,1
45.57260920897284,0.0,0.0,0.0,0.0,1
45.69067296340023,0.0,0.0,0.0,0.0,1
45.80873671782762,0.0,0.0,0.0,0.0,1
45.926800472255024,0.0,0.0,0.0,0.0,1
46.044864226682414,0.0,0.0,0.0,0.0,1
46.1629279811098,0.0,0.0,0.0,0.0,1
46.28099173553719,0.0,0.0,0.0,0.0,1
46.39905548996458,0.0,0.0,0.0,0.0,1
46.51711924439197,0.0,0.0,0.0,0.0,1
46.63518299881937,0.0,0.0,0.0,0.0,1
46.753246753246756,0.0,0.0,0.0,0.0,1
46.87131050767415,0.0,0.0,0.0,0.0,1
46.989374262101535,0.0,0.0,0.0,0.0,1
47.107438016528924,0.0,0.0,0.0,0.0,1
47.22550177095632,0.0,0.0,0.0,0.0,1
47.34356552538371,0.0,0.0,0.0,0.0,1
47.4616292798111,0.0,0.0,0.0,0.0,1
47.579693034238495,0.0,0.0,0.0,0.0,1
47.69775678866588,0.0,0.0,0.0,0.0,1
47.81582054309327,0.0,0.0,0.0,0.0,1
47.93388429752066,0.0,0.0,0.0,0.0,1
48.05194805194805,0.0,0.0,0.0,0.0,1
48.17001180637544,0.0,0.0,0.0,0.0,1
48.288075560802845,0.0,0.0,0.0,0.0,1
48.40613931523022,0.0,0.0,0.0,0.0,1
48.524203069657624,0.0,0.0,0.0,0.0,1
48.64226682408501,0.0,0.0,0.0,0.0,1
48.7603305785124,0.0,0.0,0.0,0.0,1
48.8783943329398,0.0,0.0,0.0,0.0,1
48.99645808736718,0.0,0.0,0.0,0.0,1
49.11452184179457,0.0,0.0,0.0,0.0,1
49.232585596221966,0.0,0.0,0.0,0.0,1
49.350649350649356,0.0,0.0,0.0,0.0,1
49.468713105076745,0.0,0.0,0.0,0.0,1
49.58677685950414,0.0,0.0,0.0,0.0,1
49.70484061393152,0.0,0.0,0.0,0.0,1
49.82290436835891,0.0,0.0,0.0,0.0,1
49.94096812278631,0.0,0.0,0.0,0.0,1
50.059031877213705,0.0,0.0,0.0,0.0,1
50.177095631641095,0.0,0.0,0.0,0.0,1
50.295159386068484,0.0,0.0,0.0,0.0,1
50.413223140495866,0.0,0.0,0.0,0.0,1
50.531286894923255,0.0,0.0,0.0,0.0,1
50.649350649350644,0.0,0.0,0.0,0.0,1
50.76741440377805,0.0,0.0,0.0,0.0,1
50.88547815820544,0.0,0.0,0.0,0.0,1
51.003541912632826,0.0,0.0,0.0,0.0,1
51.12160566706021,0.0,0.0,0.0,0.0,1
51.2396694214876,0.0,0.0,0.0,0.0,1
51.35773317591501,0.0,0.0,0.0,0.0,1
51.4757969303424,0.0,0.0,0.0,0.0,1
51.59386068476979,0.0,0.0,0.0,0.0,1
51.71192443919716,0.0,0.0,0.0,0.0,1
51.82998819362455,0.0,0.0,0.0,0.0,1
51.94805194805194,0.0,0.0,0.0,0.0,1
52.06611570247935,0.0,0.0,0.0,0.0,1
52.18417945690674,0.0,0.0,0.0,0.0,1
52.30224321133413,0.0,0.0,0.0,0.0,1
52.42030696576151,0.0,0.0,0.0,0.0,1
52.5383707201889,0.0,0.0,0.0,0.0,1
52.656434474616304,0.0,0.0,0.0,0.0,1
52.774498229043694,0.0,0.0,0.0,0.0,1
52.89256198347108,0.0,0.0,0.0,0.0,1
53.01062573789847,0.0,0.0,0.0,0.0,1
53.128689492325854,0.0,0.0,0.0,0.0,1
53.246753246753244,0.0,0.0,0.0,0.0,1
53.36481700118065,0.0,0.0,0.0,0.0,1
53.482880755608036,0.0,0.0,0.0,0.0,1
53.600944510035426,0.0,0.0,0.0,0.0,1
53.719008264462815,0.0,0.0,0.0,0.0,1
53.8370720188902,0.0,0.0,0.0,0.0,1
53.955135773317586,0.0,0.0,0.0,0.0,1
54.07319952774499,0.0,0.0,0.0,0.0,1
54.19126328217238,0.0,0.0,0.0,0.0,1
54.30932703659977,0.0,0.0,0.0,0.0,1
54.42739079102716,0.0,0.0,0.0,0.0,1
54.54545454545454,0.0,0.0,0.0,0.0,1
54.66351829988195,0.0,0.0,0.0,0.0,1
54.78158205430934,0.0,0.0,0.0,0.0,1
54.89964580873673,0.0,0.0,0.0,0.0,1
55.01770956316412,0.0,0.0,0.0,0.0,1
55.13577331759149,0.0,0.0,0.0,0.0,1
55.25383707201888,0.0,0.0,0.0,0.0,1
55.37190082644629,0.0,0.0,0.0,0.0,1
55.48996458087368,0.0,0.0,0.0,0.0,1
55.60802833530107,0.0,0.0,0.0,0.0,1
55.72609208972846,0.0,0.0,0.0,0.0,1
55.84415584415584,0.0,0.0,0.0,0.0,1
55.962219598583246,0.0,0.0,0.0,0.0,1
56.080283353010635,0.0,0.0,0.0,0.0,1
56.198347107438025,0.0,0.0,0.0,0.0,1
56.316410861865414,0.0,0.0,0.0,0.0,1
56.4344746162928,0.0,0.0,0.0,0.0,1
56.552538370720185,0.0,0.0,0.0,0.0,1
56.67060212514759,0.0,0.0,0.0,0.0,1
56.78866587957498,0.0,0.0,0.0,0.0,1
56.90672963400237,0.0,0.0,0.0,0.0,1
57.02479338842976,0.0,0.0,0.0,0.0,1
57.142857142857146,0.0,0.0,0.0,0.0,1
57.26092089728453,0.0,0.0,0.0,0.0,1
57.37898465171194,0.0,0.0,0.0,0.0,1
57.49704840613933,0.0,0.0,0.0,0.0,1
57.61511216056672,0.0,0.0,0.0,0.0,1
57.733175914994106,0.0,0.0,0.0,0.0,1
57.85123966942148,0.0,0.0,0.0,0.0,1
57.96930342384889,0.0,0.0,0.0,0.0,1
58.08736717827628,0.0,0.0,0.0,0.0,1
58.20543093270367,0.0,0.0,0.0,0.0,1
58.32349468713106,0.0,0.0,0.0,0.0,1
58.44155844155845,0.0,0.0,0.0,0.0,1
58.559622195985824,0.0,0.0,0.0,0.0,1
58.677685950413235,0.0,0.0,0.0,0.0,1
58.795749704840624,0.0,0.0,0.0,0.0,1
58.91381345926801,0.0,0.0,0.0,0.0,1
59.0318772136954,0.0,0.0,0.0,0.0,1
59.14994096812279,0.0,0.0,0.0,0.0,1
59.268004722550174,0.0,0.0,0.0,0.0,1
59.38606847697758,0.0,0.0,0.0,0.0,1
59.50413223140497,0.0,0.0,0.0,0.0,1
59.622195985832356,0.0,0.0,0.0,0.0,1
59.740259740259745,0.0,0.0,0.0,0.0,1
59.858323494687134,0.0,0.0,0.0,0.0,1
59.97638724911453,0.0,0.0,0.0,0.0,1
60.09445100354192,0.0,0.0,0.0,0.0,1
60.21251475796931,0.0,0.0,0.0,0.0,1
60.3305785123967,0.0,0.0,0.0,0.0,1
60.44864226682409,0.0,0.0,0.0,0.0,1
60.56670602125147,0.0,0.0,0.0,0.0,1
60.68476977567888,0.0,0.0,0.0,0.0,1
60.80283353010627,0.0,0.0,0.0,0.0,1
60.92089728453366,0.0,0.0,0.0,0.0,1
61.03896103896105,0.0,0.0,0.0,0.0,1
61.15702479338844,0.0,0.0,0.0,0.0,1
61.275088547815834,0.0,0.0,0.0,0.0,1
61.39315230224322,0.0,0.0,0.0,0.0,1
61.51121605667061,0.0,0.0,0.0,0.0,1
61.629279811098,0.0,0.0,0.0,0.0,1
61.74734356552539,0.0,0.0,0.0,0.0,1
61.86540731995278,0.0,0.0,0.0,0.0,1
61.983471074380176,0.0,0.0,0.0,0.0,1
62.101534828807566,0.0,0.0,0.0,0.0,1
62.219598583234955,0.0,0.0,0.0,0.0,1
62.337662337662344,0.0,0.0,0.0,0.0,1
62.45572609208973,0.0,0.0,0.0,0.0,1
62.57378984651712,0.0,0.0,0.0,0.0,1
62.69185360094452,0.0,0.0,0.0,0.0,1
62.80991735537191,0.0,0.0,0.0,0.0,1
62.9279811097993,0.0,0.0,0.0,0.0,1
63.04604486422669,0.0,0.0,0.0,0.0,1
63.164108618654076,0.0,0.0,0.0,0.0,1
63.28217237308147,0.0,0.0,0.0,0.0,1
63.40023612750886,0.0,0.0,0.0,0.0,1
63.51829988193625,0.0,0.0,0.0,0.0,1
63.63636363636364,0.0,0.0,0.0,0.0,1
63.75442739079103,0.0,0.0,0.0,0.0,1
63.87249114521842,0.0,0.0,0.0,0.0,1
63.99055489964582,0.0,0.0,0.0,0.0,1
64.10861865407321,0.0,0.0,0.0,0.0,1
64.2266824085006,0.0,0.0,0.0,0.0,1
64.34474616292799,0.0,0.0,0.0,0.0,1
64.46280991735537,0.0,0.0,0.0,0.0,1
64.58087367178277,0.0,0.0,0.0,0.0,1
64.69893742621016,0.0,0.0,0.0,0.0,1
64.81700118063755,0.0,0.0,0.0,0.0,1
64.93506493506494,0.0,0.0,0.0,0.0,1
65.05312868949233,0.0,0.0,0.0,0.0,1
65.17119244391972,0.0,0.0,0.0,0.0,1
65.28925619834712,0.0,0.0,0.0,0.0,1
65.40731995277451,0.0,0.0,0.0,0.0,1
65.5253837072019,0.0,0.0,0.0,0.0,1
65.6434474616293,0.0,0.0,0.0,0.0,1
65.76151121605668,0.0,0.0,0.0,0.0,1
65.87957497048407,0.0,0.0,0.0,0.0,1
65.99763872491147,0.0,0.0,0.0,0.0,1
66.11570247933885,0.0,0.0,0.0,0.0,1
66.23376623376625,0.0,0.0,0.0,0.0,1
66.35182998819363,0.0,0.0,0.0,0.0,1
66.46989374262103,0.0,0.0,0.0,0.0,1
66.58795749704842,0.0,0.0,0.0,0.0,1
66.7060212514758,0.0,0.0,0.0,0.0,1
66.8240850059032,0.0,0.0,0.0,0.0,1
66.94214876033058,0.0,0.0,0.0,0.0,1
67.06021251475798,0.0,0.0,0.0,0.0,1
67.17827626918536,0.0,0.0,0.0,0.0,1
67.29634002361276,0.0,0.0,0.0,0.0,1
67.41440377804015,0.0,0.0,0.0,0.0,1
67.53246753246754,0.0,0.0,0.0,0.0,1
67.65053128689493,0.0,0.0,0.0,0.0,1
67.76859504132231,0.0,0.0,0.0,0.0,1
67.88665879574971,0.0,0.0,0.0,0.0,1
68.0047225501771,0.0,0.0,0.0,0.0,1
68.12278630460449,0.0,0.0,0.0,0.0,1
68.24085005903189,0.0,0.0,0.0,0.0,1
68.35891381345927,0.0,0.0,0.0,0.0,1
68.47697756788666,0.0,0.0,0.0,0.0,1
68.59504132231406,0.0,0.0,0.0,0.0,1
68.71310507674146,0.0,0.0,0.0,0.0,1
68.83116883116884,0.0,0.0,0.0,0.0,1
68.94923258559623,0.0,0.0,0.0,0.0,1
69.06729634002362,0.0,0.0,0.0,0.0,1
69.18536009445101,0.0,0.0,0.0,0.0,1
69.30342384887841,0.0,0.0,0.0,0.0,1
69.42148760330579,0.0,0.0,0.0,0.0,1
69.53955135773319,0.0,0.0,0.0,0.0,1
69.65761511216057,0.0,0.0,0.0,0.0,1
69.77567886658797,0.0,0.0,0.0,0.0,1
69.89374262101536,0.0,0.0,0.0,0.0,1
70.01180637544275,0.0,0.0,0.0,0.0,1
70.12987012987014,0.0,0.0,0.0,0.0,1
70.24793388429752,0.0,0.0,0.0,0.0,1
70.36599763872492,0.0,0.0,0.0,0.0,1
70.4840613931523,0.0,0.0,0.0,0.0,1
70.6021251475797,0.0,0.0,0.0,0.0,1
70.7201889020071,0.0,0.0,0.0,0.0,1
70.83825265643448,0.0,0.0,0.0,0.0,1
70.95631641086187,0.0,0.0,0.0,0.0,1
71.07438016528926,0.0,0.0,0.0,0.0,1
71.19244391971665,0.0,0.0,0.0,0.0,1
71.31050767414405,0.0,0.0,0.0,0.0,1
71.42857142857143,0.0,0.0,0.0,0.0,1
71.54663518299883,0.0,0.0,0.0,0.0,1
71.66469893742621,0.0,0.0,0.0,0.0,1
71.7827626918536,0.0,0.0,0.0,0.0,1
71.900826446281,0.0,0.0,0.0,0.0,1
72.0188902007084,0.0,0.0,0.0,0.0,1
72.13695395513578,0.0,0.0,0.0,0.0,1
72.25501770956318,0.0,0.0,0.0,0.0,1
72.37308146399056,0.0,0.0,0.0,0.0,1
72.49114521841796,0.0,0.0,0.0,0.0,1
72.60920897284535,0.0,0.0,0.0,0.0,1
72.72727272727273,0.0,0.0,0.0,0.0,1
72.84533648170013,0.0,0.0,0.0,0.0,1
72.96340023612751,0.0,0.0,0.0,0.0,1
73.08146399055491,0.0,0.0,0.0,0.0,1
73.1995277449823,0.0,0.0,0.0,0.0,1
73.31759149940969,0.0,0.0,0.0,0.0,1
73.43565525383708,0.0,0.0,0.0,0.0,1
73.55371900826447,0.0,0.0,0.0,0.0,1
73.67178276269186,0.0,0.0,0.0,0.0,1
73.78984651711924,0.0,0.0,0.0,0.0,1
73.90791027154664,0.0,0.0,0.0,0.0,1
74.02597402597404,0.0,0.0,0.0,0.0,1
74.14403778040142,0.0,0.0,0.0,0.0,1
74.26210153482882,0.0,0.0,0.0,0.0,1
74.3801652892562,0.0,0.0,0.0,0.0,1
74.4982290436836,0.0,0.0,0.0,0.0,1
74.61629279811099,0.0,0.0,0.0,0.0,1
74.73435655253837,0.0,0.0,0.0,0.0,1
74.85242030696577,0.0,0.0,0.0,0.0,1
74.97048406139315,0.0,0.0,0.0,0.0,1
75.08854781582055,0.0,0.0,0.0,0.0,1
75.20661157024794,0.0,0.0,0.0,0.0,1
75.32467532467534,0.0,0.0,0.0,0.0,1
75.44273907910272,0.0,0.0,0.0,0.0,1
75.56080283353012,0.0,0.0,0.0,0.0,1
75.6788665879575,0.0,0.0,0.0,0.0,1
75.7969303423849,0.0,0.0,0.0,0.0,1
75.9149940968123,0.0,0.0,0.0,0.0,1
76.03305785123968,0.0,0.0,0.0,0.0,1
76.15112160566707,0.0,0.0,0.0,0.0,1
76.26918536009445,0.0,0.0,0.0,0.0,1
76.38724911452185,0.0,0.0,0.0,0.0,1
76.50531286894925,0.0,0.0,0.0,0.0,1
76.62337662337663,0.0,0.0,0.0,0.0,1
76.74144037780403,0.0,0.0,0.0,0.0,1
76.85950413223141,0.0,0.0,0.0,0.0,1
76.9775678866588,0.0,0.0,0.0,0.0,1
77.09563164108619,0.0,0.0,0.0,0.0,1
77.21369539551358,0.0,0.0,0.0,0.0,1
77.33175914994098,0.0,0.0,0.0,0.0,1
77.44982290436836,0.0,0.0,0.0,0.0,1
77.56788665879576,0.0,0.0,0.0,0.0,1
77.68595041322314,0.0,0.0,0.0,0.0,1
77.80401416765054,0.0,0.0,0.0,0.0,1
77.92207792207793,0.0,0.0,0.0,0.0,1
78.04014167650533,0.0,0.0,0.0,0.0,1
78.15820543093271,0.0,0.0,0.0,0.0,1
78.2762691853601,0.0,0.0,0.0,0.0,1
78.39433293978749,0.0,0.0,0.0,0.0,1
78.51239669421489,0.0,0.0,0.0,0.0,1
78.63046044864228,0.0,0.0,0.0,0.0,1
78.74852420306966,0.0,0.0,0.0,0.0,1
78.86658795749706,0.0,0.0,0.0,0.0,1
78.98465171192444,0.0,0.0,0.0,0.0,1
79.10271546635184,0.0,0.0,0.0,0.0,1
79.22077922077924,0.0,0.0,0.0,0.0,1
79.33884297520662,0.0,0.0,0.0,0.0,1
79.45690672963401,0.0,0.0,0.0,0.0,1
79.5749704840614,0.0,0.0,0.0,0.0,1
79.69303423848879,0.0,0.0,0.0,0.0,1
79.81109799291619,0.0,0.0,0.0,0.0,1
79.92916174734357,0.0,0.0,0.0,0.0,1
80.04722550177097,0.0,0.0,0.0,0.0,1
80.16528925619835,0.0,0.0,0.0,0.0,1
80.28335301062575,0.0,0.0,0.0,0.0,1
80.40141676505313,0.0,0.0,0.0,0.0,1
80.51948051948052,0.0,0.0,0.0,0.0,1
80.63754427390792,0.0,0.0,0.0,0.0,1
80.7556080283353,0.0,0.0,0.0,0.0,1
80.8736717827627,0.0,0.0,0.0,0.0,1
80.99173553719008,0.0,0.0,0.0,0.0,1
81.10979929161746,0.0,0.0,0.0,0.0,1
81.22786304604487,0.0,0.0,0.0,0.0,1
81.34592680047227,0.0,0.0,0.0,0.0,1
81.46399055489965,0.0,0.0,0.0,0.0,1
81.58205430932705,0.0,0.0,0.0,0.0,1
81.70011806375443,0.0,0.0,0.0,0.0,1
81.81818181818183,0.0,0.0,0.0,0.0,1
81.93624557260921,0.0,0.0,0.0,0.0,1
82.0543093270366,0.0,0.0,0.0,0.0,1
82.17237308146399,0.0,0.0,0.0,0.0,1
82.29043683589138,0.0,0.0,0.0,0.0,1
82.40850059031877,0.0,0.0,0.0,0.0,1
82.52656434474618,0.0,0.0,0.0,0.0,1
82.64462809917356,0.0,0.0,0.0,0.0,1
82.76269185360096,0.0,0.0,0.0,0.0,1
82.88075560802834,0.0,0.0,0.0,0.0,1
82.99881936245573,0.0,0.0,0.0,0.0,1
83.11688311688312,0.0,0.0,0.0,0.0,1
83.23494687131051,0.0,0.0,0.0,0.0,1
83.3530106257379,0.0,0.0,0.0,0.0,1
83.47107438016529,0.0,0.0,0.0,0.0,1
83.58913813459267,0.0,0.0,0.0,0.0,1
83.70720188902007,0.0,0.0,0.0,0.0,1
83.82526564344747,0.0,0.0,0.0,0.0,1
83.94332939787486,0.0,0.0,0.0,0.0,1
84.06139315230224,0.0,0.0,0.0,0.0,1
84.17945690672964,0.0,0.0,0.0,0.0,1
84.29752066115702,0.0,0.0,0.0,0.0,1
84.41558441558442,0.0,0.0,0.0,0.0,1
84.5336481700118,0.0,0.0,0.0,0.0,1
84.6517119244392,0.0,0.0,0.0,0.0,1
84.76977567886658,0.0,0.0,0.0,0.0,1
84.88783943329398,0.0,0.0,0.0,0.0,1
85.00590318772136,0.0,0.0,0.0,0.0,1
85.12396694214877,0.0,0.0,0.0,0.0,1
85.24203069657617,0.0,0.0,0.0,0.0,1
85.36009445100355,0.0,0.0,0.0,0.0,1
85.47815820543094,0.0,0.0,0.0,0.0,1
85.59622195985833,0.0,0.0,0.0,0.0,1
85.71428571428572,0.0,0.0,0.0,0.0,1
85.8323494687131,0.0,0.0,0.0,0.0,1
85.9504132231405,0.0,0.0,0.0,0.0,1
86.06847697756788,0.0,0.0,0.0,0.0,1
86.18654073199528,0.0,0.0,0.0,0.0,1
86.30460448642266,0.0,0.0,0.0,0.0,1
86.42266824085006,0.0,0.0,0.0,0.0,1
86.54073199527745,0.0,0.0,0.0,0.0,1
86.65879574970485,0.0,0.0,0.0,0.0,1
86.77685950413223,0.0,0.0,0.0,0.0,1
86.89492325855963,0.0,0.0,0.0,0.0,1
87.01298701298701,0.0,0.0,0.0,0.0,1
87.13105076741441,0.0,0.0,0.0,0.0,1
87.24911452184179,0.0,0.0,0.0,0.0,1
87.36717827626919,0.0,0.0,0.0,0.0,1
87.48524203069657,0.0,0.0,0.0,0.0,1
87.60330578512396,0.0,0.0,0.0,0.0,1
87.72136953955135,0.0,0.0,0.0,0.0,1
87.83943329397876,0.0,0.0,0.0,0.0,1
87.95749704840615,0.0,0.0,0.0,0.0,1
88.07556080283354,0.0,0.0,0.0,0.0,1
88.19362455726093,0.0,0.0,0.0,0.0,1
88.31168831168831,0.0,0.0,0.0,0.0,1
88.42975206611571,0.0,0.0,0.0,0.0,1
88.5478158205431,0.0,0.0,0.0,0.0,1
88.66587957497049,0.0,0.0,0.0,0.0,1
88.78394332939787,0.0,0.0,0.0,0.0,1
88.90200708382527,0.0,0.0,0.0,0.0,1
89.02007083825265,0.0,0.0,0.0,0.0,1
89.13813459268006,0.0,0.0,0.0,0.0,1
89.25619834710744,0.0,0.0,0.0,0.0,1
89.37426210153484,0.0,0.0,0.0,0.0,1
89.49232585596222,0.0,0.0,0.0,0.0,1
89.61038961038962,0.0,0.0,0.0,0.0,1
89.728453364817,0.0,0.0,0.0,0.0,1
89.8465171192444,0.0,0.0,0.0,0.0,1
89.96458087367178,0.0,0.0,0.0,0.0,1
90.08264462809917,0.0,0.0,0.0,0.0,1
90.20070838252656,0.0,0.0,0.0,0.0,1
90.31877213695395,0.0,0.0,0.0,0.0,1
90.43683589138136,0.0,0.0,0.0,0.0,1
90.55489964580875,0.0,0.0,0.0,0.0,1
90.67296340023614,0.0,0.0,0.0,0.0,1
90.79102715466352,0.0,0.0,0.0,0.0,1
90.9090909090909,0.0,0.0,0.0,0.0,1
91.0271546635183,0.0,0.0,0.0,0.0,1
91.14521841794569,0.0,0.0,0.0,0.0,1
91.26328217237308,0.0,0.0,0.0,0.0,1
91.38134592680046,0.0,0.0,0.0,0.0,1
91.49940968122786,0.0,0.0,0.0,0.0,1
91.61747343565524,0.0,0.0,0.0,0.0,1
91.73553719008265,0.0,0.0,0.0,0.0,1
91.85360094451005,0.0,0.0,0.0,0.0,1
91.97166469893743,0.0,0.0,0.0,0.0,1
92.08972845336483,0.0,0.0,0.0,0.0,1
92.20779220779221,0.0,0.0,0.0,0.0,1
92.3258559622196,0.0,0.0,0.0,0.0,1
92.443919716647,0.0,0.0,0.0,0.0,1
92.56198347107438,0.0,0.0,0.0,0.0,1
92.68004722550177,0.0,0.0,0.0,0.0,1
92.79811097992916,0.0,0.0,0.0,0.0,1
92.91617473435655,0.0,0.0,0.0,0.0,1
93.03423848878394,0.0,0.0,0.0,0.0,1
93.15230224321134,0.0,0.0,0.0,0.0,1
93.27036599763873,0.0,0.0,0.0,0.0,1
93.38842975206612,0.0,0.0,0.0,0.0,1
93.50649350649351,0.0,0.0,0.0,0.0,1
93.6245572609209,0.0,0.0,0.0,0.0,1
93.7426210153483,0.0,0.0,0.0,0.0,1
93.8606847697757,0.0,0.0,0.0,0.0,1
93.97874852420307,0.0,0.0,0.0,0.0,1
94.09681227863045,0.0,0.0,0.0,0.0,1
94.21487603305785,0.0,0.0,0.0,0.0,1
94.33293978748523,0.0,0.0,0.0,0.0,1
94.45100354191264,0.0,0.0,0.0,0.0,1
94.56906729634004,0.0,0.0,0.0,0.0,1
94.68713105076742,0.0,0.0,0.0,0.0,1
94.80519480519482,0.0,0.0,0.0,0.0,1
94.9232585596222,0.0,0.0,0.0,0.0,1
95.04132231404961,0.0,0.0,0.0,0.0,1
95.15938606847699,0.0,0.0,0.0,0.0,1
95.27744982290437,0.0,0.0,0.0,0.0,1
95.39551357733176,0.0,0.0,0.0,0.0,1
95.51357733175915,0.0,0.0,0.0,0.0,1
95.63164108618653,0.0,0.0,0.0,0.0,1
95.74970484061394,0.0,0.0,0.0,0.0,1
95.86776859504133,0.0,0.0,0.0,0.0,1
95.98583234946872,0.0,0.0,0.0,0.0,1
96.1038961038961,0.0,0.0,0.0,0.0,1
96.2219598583235,0.0,0.0,0.0,0.0,1
96.34002361275088,0.0,0.0,0.0,0.0,1
96.4580873671783,0.0,0.0,0.0,0.0,1
96.57615112160569,0.0,0.0,0.0,0.0,1
96.69421487603306,0.0,0.0,0.0,0.0,1
96.81227863046044,0.0,0.0,0.0,0.0,1
96.93034238488784,0.0,0.0,0.0,0.0,1
97.04840613931525,0.0,0.0,0.0,0.0,1
97.16646989374263,0.0,0.0,0.0,0.0,1
97.28453364817003,0.0,0.0,0.0,0.0,1
97.40259740259741,0.0,0.0,0.0,0.0,1
97.5206611570248,0.0,0.0,0.0,0.0,1
97.63872491145219,0.0,0.0,0.0,0.0,1
97.7567886658796,0.0,0.0,0.0,0.0,1
97.87485242030698,0.0,0.0,0.0,0.0,1
97.99291617473436,0.0,0.0,0.0,0.0,1
98.11097992916174,0.0,0.0,0.0,0.0,1
98.22904368358914,0.0,0.0,0.0,0.0,1
98.34710743801654,0.0,0.0,0.0,0.0,1
98.46517119244393,0.0,0.0,0.0,0.0,1
98.58323494687131,0.0,0.0,0.0,0.0,1
98.70129870129871,0.0,0.0,0.0,0.0,1
98.8193624557261,0.0,0.0,0.0,0.0,1
98.93742621015349,0.0,0.0,0.0,0.0,1
99.0554899645809,0.0,0.0,0.0,0.0,1
99.17355371900828,0.0,0.0,0.0,0.0,1
99.29161747343568,0.0,0.0,0.0,0.0,1
99.40968122786305,0.0,0.0,0.0,0.0,1
99.52774498229043,0.0,0.0,0.0,0.0,1
99.64580873671783,0.0,0.0,0.0,0.0,1
99.76387249114522,0.0,0.0,0.0,0.0,1
99.88193624557262,0.0,0.0,0.0,0.0,1
100.0,0.0,0.0,0.0,0.0,1
