tau,diff_Eetaalpha2,diff_Eetaalpha2_variance,diff_Eetaalpha2_std,diff_Eetaalpha2_error,N_events
0.2409638554216868,3.5927776476348,0.01624658263689628,0.1274620831341473,0.09012930332831902,2
0.4819277108433736,3.4486537024744903,0.015270626623862936,0.12357437689044981,0.08738027988013924,2
0.7228915662650603,3.2551378769697985,0.013992309391992993,0.1182890924472455,0.08364301940984971,2
0.9638554216867472,3.022507836876282,0.012505527872240694,0.11182811753866151,0.07907442023891384,2
1.2048192771084338,2.7614121239549942,0.010903782427378581,0.1044211780597144,0.07383692310551199,2
1.4457831325301207,2.482825870163186,0.009275904935604044,0.09631149949826368,0.06810251440146702,2
1.6867469879518073,2.197646940115576,0.007700382254492707,0.08775182194400699,0.06204990835808183,2
1.9277108433734944,1.9161916753942054,0.006240529168677693,0.078997019998717,0.055859328534622096,2
2.168674698795181,1.647697127883824,0.004941453181448663,0.07029547056140006,0.049706403920665304,2
2.4096385542168677,1.399892368547476,0.003829154506722543,0.06188016246522421,0.0437558825000853,2
2.650602409638554,1.1786811056691557,0.002911696439592554,0.053960137505315475,0.038155579143767125,2
2.8915662650602414,0.9879623607229092,0.0021820771912572437,0.04671270909781666,0.03303087337066069,2
3.1325301204819285,0.8296006423587909,0.0016222281971051183,0.04027689408463764,0.028480064932379614,2
3.3734939759036147,0.7035415036219113,0.0012074615675247715,0.034748547703821686,0.02457093371775655,2
3.6144578313253013,0.6080537258905447,0.0009106953416247917,0.030177729232412298,0.02133887698105024,2
3.855421686746989,0.5400673582350602,0.0007058984869003455,0.026568750194548962,0.018786943430216974,2
4.096385542168675,0.4955690731685031,0.0005704026675529826,0.023883104227737706,0.016887904955218434,2
4.337349397590362,0.4700138066833117,0.0004859850952157497,0.02204506963508507,0.0155882182306983,2
4.578313253012048,0.45871453748221774,0.0004388746788295406,0.02094933599972898,0.01481341754676382,2
4.819277108433735,0.4571794339300678,0.00041900894512604336,0.020469707988294394,0.014474269327431408,2
5.0602409638554215,0.46137577920348893,0.00041893519626737047,0.02046790649449451,0.014472995478949242,2
5.301204819277108,0.46791105979096637,0.0004327113832651877,0.020801715873100174,0.014709034354184976,2
5.542168674698796,0.4741315424481323,0.0004550579350202091,0.021332086982295217,0.015084063362042223,2
5.783132530120483,0.4781463413444614,0.0004808865821689357,0.021929126343038285,0.015506233942658928,2
6.024096385542169,0.47878991880360955,0.0005052184929255667,0.022477065932313467,0.015893685741915978,2
6.265060240963857,0.4755383472442174,0.0005234168730554077,0.022878305729564147,0.01617740512343385,2
6.506024096385541,0.4683950434483545,0.0005316033449564934,0.023056524997416533,0.016303425176270373,2
6.746987951807229,0.457760718441933,0.0005271047792109862,0.022958762580134545,0.01623429670806509,2
6.987951807228916,0.44430051149788585,0.0005087881891233782,0.022556333680883917,0.015949736504459536,2
7.228915662650603,0.42881905819351296,0.0004771818769045722,0.021844493056708186,0.015446389171980811,2
7.469879518072291,0.41215178272979425,0.0004343409549402143,0.020840848229863734,0.0147367051090163,2
7.710843373493978,0.39507811694386463,0.0003834796541032557,0.019582636546268628,0.013847015095378059,2
7.951807228915663,0.37825973102608146,0.0003284460478790211,0.0181230805295077,0.012814953138404781,2
8.19277108433735,0.3622043422869181,0.00027314543791991114,0.016527112207518624,0.011686433115367389,2
8.433734939759036,0.3472534086886967,0.00022102169110117234,0.014866798280099597,0.010512413878390926,2
8.674698795180724,0.33359017460760865,0.00017468360827162908,0.013216792662050392,0.009345683716872433,2
8.91566265060241,0.32126324082784163,0.0001357244681342862,0.011650084468976446,0.008237853729409323,2
9.156626506024097,0.3102201388386026,0.0001047390032489351,0.010234207504684234,0.007236677526632477,2
9.397590361445785,0.30034529264624166,8.150411225438531e-05,0.009027962796466615,0.00638373371368141,2
9.63855421686747,0.2914971840360062,6.526412877570676e-05,0.008078621712625661,0.005712448195638485,2
9.879518072289157,0.28354039478424986,5.50498490340349e-05,0.00741955854711282,0.005246420162074083,2
10.120481927710843,0.27636935550258135,4.996109431928034e-05,0.0070683162294340185,0.004998054337403723,2
10.361445783132531,0.26992195336833225,4.935361216649014e-05,0.007025212606497411,0.00496757547333154,2
10.602409638554215,0.2641825134513838,5.2892174425234335e-05,0.007272700628049689,0.0051425759316335974,2
10.843373493975903,0.2591749568197217,6.0462346805227566e-05,0.00777575377730208,0.005498288224767212,2
11.084337349397591,0.25494805349085425,7.19701806360332e-05,0.008483524069396703,0.005998757397829704,2
11.325301204819278,0.2515555432865949,8.709381094619166e-05,0.009332406492764428,0.0065990079158230915,2
11.566265060240966,0.24903442019662037,0.00010507194053800102,0.010250460503704262,0.007248170132454157,2
11.807228915662652,0.24738481248365932,0.00012461088476640062,0.011162924561529591,0.007893379655331441,2
12.048192771084338,0.24655461736950063,0.00014396062071172044,0.011998359084129814,0.008484121071499404,2
12.289156626506026,0.24643138263000308,0.0001611581368665587,0.012694807476545625,0.008976584452523095,2
12.530120481927714,0.2468429338269646,0.00017438001425242906,0.013205302505146524,0.00933755894900881,2
12.771084337349398,0.24756704048346345,0.00018230612714135614,0.013502078622988245,0.009547411354428909,2
13.012048192771083,0.24834915177200467,0.0001843885896292607,0.013578976015490296,0.009601786022122673,2
13.253012048192772,0.24892608603730215,0.00018094880744535494,0.013451721356218874,0.009511803389614267,2
13.493975903614459,0.2490526945153387,0.00017308074635755542,0.013156015595823661,0.009302707841202887,2
13.734939759036145,0.2485280662605255,0.00016239977055969431,0.012743616855496492,0.009011097895364757,2
13.975903614457833,0.24721786464518164,0.0001507208434380816,0.012276841753402282,0.008681038055384897,2
14.216867469879519,0.24506987674127376,0.00013976180312984108,0.011822089626197269,0.008359479742479225,2
14.457831325301205,0.2421207339967988,0.00013094446773079314,0.011443096946665843,0.008091491448762493,2
14.698795180722893,0.23849289010651237,0.0001253199815409994,0.01119464075086822,0.007915806387886182,2
14.939759036144581,0.23438215707953441,0.0001235950418637732,0.011117330698678221,0.007861139925728748,2
15.180722891566266,0.2300372422027385,0.00012620217667466945,0.011233974215506703,0.007943619347459616,2
15.421686746987955,0.2257336603904285,0.00013335155283363806,0.011547794284348767,0.008165523646210267,2
15.66265060240964,0.22174501959863124,0.00014502319060703662,0.012042557477838195,0.008515374055408153,2
15.903614457831326,0.2183149349003079,0.00016089559273771588,0.01268446265072809,0.008969269556037322,2
16.144578313253014,0.21563270355997716,0.000180243337705935,0.013425473463008111,0.009493243326333077,2
16.3855421686747,0.21381539096874505,0.0002018577537882463,0.014207665317998108,0.010046336491185387,2
16.626506024096386,0.21289819306954333,0.000224044134284781,0.014968103897447432,0.01058404776738987,2
16.867469879518072,0.21283394540168316,0.0002447277017992339,0.01564377517734239,0.011061819511256588,2
17.10843373493976,0.21350156023386763,0.0002616674453197284,0.0161761381460387,0.011438256976474352,2
17.34939759036145,0.2147221262876826,0.0002727439525507543,0.016514961475908876,0.01167784125064976,2
17.590361445783135,0.21628053477104534,0.0002762650163956428,0.016621221868311692,0.011752978694689333,2
17.83132530120482,0.21794991413961787,0.00027122695634802937,0.016468969498667163,0.011645320011661965,2
18.072289156626507,0.2195159365294962,0.00025748011972237474,0.016046187077383048,0.011346367694605501,2
18.313253012048193,0.2207982192861166,0.00023576881946760255,0.01535476536673884,0.010857458714349379,2
18.554216867469883,0.2216665466709699,0.00020764162321820995,0.014409775266054983,0.010189249806001666,2
18.79518072289157,0.22205039269467225,0.0001752507021003578,0.013238228812811698,0.009360841364438289,2
19.03614457831325,0.22194111884030246,0.00014107485139147326,0.011877493481011608,0.00839865618392232,2
19.27710843373494,0.22138712461426913,0.00010760889736432589,0.010373470844626975,0.007335151578676677,2
19.518072289156628,0.22048303097505267,7.706368790589668e-05,0.008778592592545612,0.006207402351462997,2
19.759036144578314,0.2193545899348485,5.11174108317454e-05,0.007149644105250652,0.005055561829893162,2
20.000000000000004,0.21814138453426066,3.075159293817965e-05,0.00554541188174329,0.003921198346053133,2
20.240963855421686,0.21697949159011096,1.6193939954113237e-05,0.004024169473830996,0.0028455175235897984,2
20.481927710843372,0.21598613370309155,6.975199540080206e-06,0.0026410603060286614,0.0018675116519154848,2
20.722891566265062,0.2152479792167454,2.089442586122697e-06,0.0014454904310035044,0.0010221160859028432,2
20.96385542168675,0.21481421041881726,2.2914665283784263e-07,0.00047869264965930136,0.0003384868186782482,2
21.20481927710843,0.21469483760924551,5.214358172632257e-08,0.00022834969175876407,0.00016146761552447995,2
21.44578313253012,0.21486406648318918,4.309069378715337e-07,0.000656435021819779,0.00046416965533710496,2
21.686746987951807,0.21526790908491317,6.383766077604111e-07,0.0007989847356241614,0.0005649675246243854,2
21.927710843373497,0.2158347395301308,4.3838993049977443e-07,0.000662110210236766,0.0004681826195512678,2
22.168674698795183,0.2164871942103658,6.964464606654004e-08,0.00026390272083959276,0.00018660740347925645,2
22.409638554216873,0.21715373667322233,1.346703968196219e-07,0.00036697465419238684,0.000259490266503025,2
22.650602409638555,0.21777835326958783,1.4238303979183204e-06,0.001193243645664338,0.0008437506734570113,2
22.89156626506024,0.21832718879359894,4.7146214236085415e-06,0.002171317900172276,0.0015353536113235514,2
23.13253012048193,0.2187914166882214,1.0586833365696914e-05,0.0032537414411254184,0.002300742637247473,2
23.373493975903617,0.21918619324009642,1.9285680050343653e-05,0.004391546430398255,0.0031052922608301825,2
23.614457831325304,0.2195460907317573,3.065117606810141e-05,0.005536350428585732,0.003914790931078019,2
23.855421686746993,0.2199178675593989,4.4117030881738056e-05,0.006642065257262839,0.004696649384494123,2
24.096385542168676,0.22035175624006978,5.87699197779516e-05,0.007666154171287687,0.0054207896001390605,2
24.337349397590362,0.22089259778998288,7.345250220777431e-05,0.008570443524565943,0.006060218733996913,2
24.578313253012052,0.22157211338234378,8.689150036353154e-05,0.009321561047567706,0.006591339027979502,2
24.819277108433738,0.22240339643346207,9.783438493139878e-05,0.009891126575441181,0.006994082675068932,2
25.060240963855428,0.2233783660151788,0.00010518254917689758,0.010255854385515503,0.007251984182859804,2
25.301204819277107,0.22446849593638596,0.00010811284361591235,0.01039773261898537,0.007352307243849115,2
25.542168674698797,0.2256286803354831,0.00010618108929284561,0.01030442086159361,0.007286325867432968,2
25.783132530120486,0.22680367339694402,9.93999460616907e-05,0.009969952159448445,0.0070498207800514575,2
26.024096385542165,0.22793619853415542,8.828003553510882e-05,0.009395745608258496,0.006643795433903305,2
26.265060240963855,0.22897560027663905,7.381971604448359e-05,0.008591840084899369,0.0060753483869027455,2
26.506024096385545,0.2298858345120895,5.7428552210143585e-05,0.007578162851914941,0.005358570341525041,2
26.746987951807228,0.23065166740824722,4.077544905146452e-05,0.006385565679833269,0.0045152767939221905,2
26.987951807228917,0.23128217111451274,2.556630516673033e-05,0.005056313396807038,0.003575353490686643,2
27.228915662650607,0.23181094024010349,1.3276625847766118e-05,0.003643710450593751,0.002576492368295132,2
27.46987951807229,0.23229286867809923,4.886792933977907e-06,0.00221060917712243,0.0015631367396964839,2
27.710843373493976,0.23279777320607148,6.833648501936827e-07,0.0008266588475264042,0.0005845360768137766,2
27.951807228915666,0.23340157479581652,1.8982043231566056e-07,0.0004356838674034885,0.00030807501709458735,2
28.192771084337352,0.2341760973210246,2.2685662652311537e-06,0.001506176040584617,0.0010650272919580871,2
28.433734939759038,0.23517876943184843,5.393782206055387e-06,0.0023224517661418476,0.0016422213928175742,2
28.674698795180728,0.23644358449604136,8.041704594154567e-06,0.002835789941824776,0.002005206297884904,2
28.91566265060241,0.23797456952363538,9.098436405618728e-06,0.0030163614514210207,0.0021328896368095003,2
29.1566265060241,0.23974274258450468,8.164281990888551e-06,0.002857320771437563,0.0020204308935086778,2
29.397590361445786,0.24168712793490174,5.650981393547735e-06,0.002377179293521575,0.001680919598545352,2
29.638554216867472,0.24371989790149,2.624543144326901e-06,0.0016200441797453863,0.0011455442253197605,2
29.879518072289162,0.2457351841675524,4.2707479079013603e-07,0.0006535095950253034,0.00046210106621286643,2
30.120481927710845,0.24762061801994073,1.899015175738582e-07,0.0004357769126214217,0.00030814080999914484,2
30.36144578313253,0.24927028469249232,2.398182666715797e-06,0.0015486066856099379,0.0010950302887856108,2
30.60240963855422,0.25059756253510296,6.66294435650886e-06,0.0025812679745638306,0.0018252320888737493,2
30.84337349397591,0.2515462931037931,1.179570994673011e-05,0.0034344883093017087,0.0024285499734131586,2
31.08433734939759,0.25209889751008363,1.6180087906898426e-05,0.004022447999278353,0.002844300257259984,2
31.32530120481928,0.252280396030956,1.83268888014977e-05,0.004280991567557416,0.0030271181676222764,2
31.566265060240962,0.2521577589148314,1.742383842837805e-05,0.0041741871578042655,0.002951596045225197,2
31.80722891566265,0.2518345583679396,1.3678874691801174e-05,0.003698496274406826,0.0026152317958262486,2
32.04819277108434,0.2514414396648154,8.317546087452268e-06,0.0028840156184480464,0.0020393070008525283,2
32.28915662650603,0.2511234189186473,3.2131532164053685e-06,0.0017925270476077532,0.0012675080308237434,2
32.53012048192771,0.2510253898633301,2.6257124755545236e-07,0.0005124170640752046,0.0003623335808032788,2
32.7710843373494,0.2512774390301614,7.210229941137442e-07,0.0008491307285181382,0.0006004260962490488,2
33.01204819277108,0.25198160239472067,4.734757701752528e-06,0.0021759498389789522,0.0015386288866637932,2
33.25301204819277,0.2532015414689086,1.1247591517814205e-05,0.0033537429117053985,0.002371454355223204,2
33.49397590361446,0.25495628871787046,1.8325763872640825e-05,0.004280860179057572,0.003027025261923067,2
33.734939759036145,0.25721874740816864,2.3793723669632507e-05,0.004877881063498013,0.003449182777820893,2
33.975903614457835,0.2599190833121131,2.5959031533861202e-05,0.005095000641203218,0.0036027095035446027,2
34.21686746987952,0.26295258069233113,2.4171679382645945e-05,0.0049164702157794005,0.0034764694290793023,2
34.45783132530121,0.26619102211912804,1.90242361563904e-05,0.004361678135350017,0.0030841721868590925,2
34.6987951807229,0.2694962550102228,1.2130151120515149e-05,0.003482836648554616,0.0024627374119579972,2
34.93975903614458,0.2727343769107926,5.567765072489993e-06,0.0023596112121470336,0.0016684970890729765,2
35.18072289156627,0.27578893426411977,1.1910276312810875e-06,0.0010913421238461785,0.0007716954163661617,2
35.42168674698795,0.27857168769297763,4.50594005273104e-08,0.00021227199656881357,0.00015009896822981562,2
35.66265060240964,0.28102982653260644,2.0766356423079787e-06,0.0014410536569843535,0.0010189788129073092,2
35.903614457831324,0.28314897023478586,6.219158780402268e-06,0.00249382412780097,0.001763399951854693,2
36.144578313253014,0.2849518128583507,1.0801920171995651e-05,0.0032866274769124126,0.0023239965761588,2
36.385542168674704,0.2864927816741669,1.4130378980313703e-05,0.003759039635374134,0.002658042416922057,2
36.626506024096386,0.2878495279276385,1.5039956308241225e-05,0.0038781382528529362,0.0027422578569712606,2
36.867469879518076,0.289112395057463,1.3249322335038436e-05,0.00363996185900875,0.002573841713765479,2
37.108433734939766,0.2903731834712863,9.415862785041969e-06,0.0030685277878881867,0.0021697768070750925,2
37.34939759036145,0.2917145390319963,4.895979142373397e-06,0.002212685956563515,0.0015646052445223038,2
37.59036144578314,0.29320114361334493,1.3024404181652486e-06,0.0011412451174770688,0.0008069821615640734,2
37.83132530120483,0.2948736074832472,3.980185246739372e-09,6.308870934437771e-05,4.461045419371659e-05,2
38.0722891566265,0.29674559503675335,1.717089970434699e-06,0.0013103777968336838,0.0009265770260573858,2
38.31325301204819,0.298804304982344,6.300856365613058e-06,0.002510150665918892,0.0017749445576711765,2
38.55421686746988,0.30101402251602,1.2799380830589732e-05,0.003577622231397515,0.00252976094034493,2
38.795180722891565,0.3033221099509712,1.9704946680399165e-05,0.004439025420111847,0.00313886497642055,2
39.036144578313255,0.305666541902923,2.5358950281386312e-05,0.005035767099597271,0.0035608250646013426,2
39.277108433734945,0.30798394893865566,2.8379627064184066e-05,0.005327253238225499,0.0037669368898472443,2
39.51807228915663,0.31021712370004983,2.8009006791535117e-05,0.005292353615503703,0.0037422591299598107,2
39.75903614457832,0.31232106480164434,2.4300781047277548e-05,0.0049295822386159205,0.0034857410293420783,2
40.00000000000001,0.3142668692552655,1.811478868590796e-05,0.004256147164503121,0.003009550521748053,2
40.24096385542169,0.3160431019744634,1.0930093634399383e-05,0.0033060692119795954,0.002337743958862837,2
40.48192771084337,0.3176546278366088,4.526618023042613e-06,0.002127585021342887,0.0015044297961424808,2
40.72289156626506,0.3191192388518652,6.08466269032884e-07,0.0007800424789925764,0.0005515733265092158,2
40.963855421686745,0.3204626986684278,4.4826409742043624e-07,0.000669525277656069,0.0004734258640064124,2
41.204819277108435,0.32171302024309467,4.622447572863414e-06,0.0021499878076080836,0.0015202709582280741,2
41.445783132530124,0.3228948662332184,1.2886174092194289e-05,0.0035897317576936427,0.002538323668505879,2
41.68674698795181,0.3240249099710303,2.420819782918913e-05,0.004920182702826098,0.0034790945538450894,2
41.9277108433735,0.32510883043668026,3.6955740542799995e-05,0.006079123336699133,0.004298589335049348,2
42.168674698795186,0.3261403651960342,4.9191959631997195e-05,0.00701369799977139,0.004959433416832874,2
42.40963855421686,0.3271025482461608,5.9028358386048206e-05,0.007682991499803199,0.0054326953893094445,2
42.65060240963855,0.3279709560123427,6.496471843435176e-05,0.008060069381484986,0.0056993297164820945,2
42.89156626506024,0.3287185128574114,6.615172752966903e-05,0.008133371227828534,0.0057511619491051125,2
43.13253012048193,0.32932119896767165,6.25263621214215e-05,0.00790736126159805,0.005591348769367795,2
43.373493975903614,0.32976388020229486,5.479498204410499e-05,0.007402363274259444,0.005234261268035108,2
43.6144578313253,0.33004545241245287,4.426959854490546e-05,0.006653540301591736,0.004704763466153503,2
43.85542168674699,0.3301825621927956,3.259294099397125e-05,0.005709022770489819,0.004036888714961761,2
44.096385542168676,0.3302113228007247,2.141135050936532e-05,0.004627240053138082,0.003271952819751938,2
44.337349397590366,0.33018667076771535,1.206566180494143e-05,0.0034735661509378846,0.002456182180228233,2
44.578313253012055,0.3301792817533867,5.36592243608431e-06,0.0023164460788208108,0.001637974730587183,2
44.819277108433745,0.3302702549182953,1.4962673222751428e-06,0.0012232200628975731,0.0008649472013583091,2
45.06024096385542,0.33054405214622506,6.548597744379018e-08,0.0002559022810445233,0.0001809502382476881,2
45.30120481927711,0.3310804101403816,2.838818296125563e-07,0.0005328056208530052,0.00037675046755946854,2
45.5421686746988,0.3319461008678012,1.216570710687237e-06,0.0011029826429673484,0.0007799265063732726,2
45.78313253012048,0.33318747657450765,2.045396951546978e-06,0.0014301737487266986,0.001011285555999634,2
46.02409638554217,0.3348246872267133,2.271260187658425e-06,0.0015070700672690784,0.0010656594642892317,2
46.26506024096386,0.33684830112055,1.806403488827238e-06,0.0013440251072160958,0.0009503692673974779,2
46.506024096385545,0.33921880793482206,9.376614555244671e-07,0.0009683292082367789,0.0006847121495652268,2
46.746987951807235,0.3418691651731716,1.7830146963517567e-07,0.0004222575868296219,0.00029858120305469303,2
46.987951807228924,0.344710201373254,5.7597599550932336e-08,0.00023999499901233845,0.00016970209125248328,2
47.22891566265061,0.3476383555929833,9.144841963543727e-07,0.000956286670593276,0.0006761967895348117,2
47.4698795180723,0.35054495499117155,2.7593276468517616e-06,0.0016611224057400953,0.001174590917479733,2
47.71084337349399,0.35332604683921626,5.246518294049256e-06,0.002290527950942589,0.0016196478466088324,2
47.95180722891566,0.35589173244092526,7.766455406341056e-06,0.0027868360924785396,0.0019705906990469956,2
48.19277108433735,0.35817400739469063,9.628765878895e-06,0.0031030252784814694,0.002194170216607522,2
48.43373493975904,0.360132287995206,1.0280298296983322e-05,0.00320629042617529,0.002267189702802053,2
48.674698795180724,0.36175607444590263,9.490046863392868e-06,0.0030805919663910164,0.0021783074695038884,2
48.915662650602414,0.3630645329944294,7.442051295416811e-06,0.0027280123341760776,0.0019289960206564463,2
49.156626506024104,0.36410312927104815,4.703859665336672e-06,0.002168838321622124,0.001533600284516254,2
49.397590361445786,0.3649377711998151,2.074674733595163e-06,0.001440373123046651,0.0010184976027451322,2
49.638554216867476,0.3656471836882004,3.534978819462471e-07,0.0005945568786468181,0.00042041520069227225,2
49.879518072289166,0.36631440986034935,9.330781811552535e-08,0.00030546328439851056,0.00021599515980170173,2
50.120481927710856,0.36701839780389045,1.4151997115756837e-06,0.001189621667411822,0.000841189548073347,2
50.36144578313253,0.3678265837073713,3.943580498521134e-06,0.0019858450338637035,0.0014042044898306537,2
50.602409638554214,0.36878923075362524,6.892253476996754e-06,0.0026253101677700397,0.0018563746223481878,2
50.84337349397591,0.3699360484629931,9.288682693657261e-06,0.0030477340260687547,0.002155073397086194,2
51.08433734939759,0.37127532874761937,1.0280680339977529e-05,0.0032063500027254555,0.0022672318297846743,2
51.325301204819276,0.3727955281840635,9.438433599598636e-06,0.003072203378619104,0.0021723758422057906,2
51.56626506024097,0.3744689386085732,6.955878078603319e-06,0.0026373998708203727,0.0018649233333576098,2
51.807228915662655,0.3762568555499752,3.6747829434961326e-06,0.0019169723376971648,0.0013555041393326936,2
52.04819277108433,0.37811550472308086,9.007874368646987e-07,0.0009490982229804767,0.000671113789481597,2
52.289156626506035,0.38000193809943283,4.2640055073978605e-08,0.00020649468534075788,0.00014601379228343226,2
52.53012048192771,0.38187916611435413,2.166663478683817e-06,0.0014719590614836464,0.0010408322340040726,2
52.77108433734939,0.38371993973757645,7.59807608302689e-06,0.002756460789314241,0.0019491121161989231,2
53.01204819277109,0.3855088109468582,1.570309066798027e-05,0.003962712539155505,0.0028020609083298197,2
53.25301204819277,0.3872423495488265,2.494454142831122e-05,0.0049944510637617845,0.0035316102154903236,2
53.493975903614455,0.38892764244628375,3.322684945380344e-05,0.005764273540855208,0.004075956909352909,2
53.73493975903615,0.39057941561576015,3.845445550890724e-05,0.006201165657270191,0.004384886287516886,2
53.975903614457835,0.3922162743455521,3.915042153571928e-05,0.006257029769444866,0.004424388180060565,2
54.216867469879524,0.39385663930762604,3.494658951646169e-05,0.005911564049933121,0.00418010702712632,2
54.457831325301214,0.39551496130460984,2.6780165760386558e-05,0.005174955628832634,0.0036592462174870493,2
54.69879518072289,0.3971987319136009,1.6711970783407878e-05,0.0040880277376025564,0.0028906721349374674,2
54.93975903614458,0.3989066835137557,7.396823108523479e-06,0.0027197101147959646,0.00192312546503387,2
55.18072289156627,0.40062840737888583,1.3501576796216296e-06,0.0011619628563863948,0.0008216318152377102,2
55.42168674698795,0.402345431919896,2.2795934533910203e-07,0.0004774508826456414,0.0003376087568022355,2
55.66265060240964,0.4040336149018835,4.3418468949113445e-06,0.002083709887415075,0.001473405391416657,2
55.90361445783133,0.4056665335263064,1.2562663689452526e-05,0.0035443848111417764,0.0025062585350929503,2
56.144578313253014,0.4072194235180289,2.2645094854915627e-05,0.004758686253044597,0.0033648993190670373,2
56.385542168674704,0.4086731390345969,3.187293653567092e-05,0.005645612148887924,0.003992050634427808,2
56.62650602409639,0.4100175909795801,3.782506326460635e-05,0.0061502083919657835,0.004348854059669417,2
56.867469879518076,0.4112541769965359,3.902952843377953e-05,0.006247361717859751,0.004417551835223868,2
57.108433734939766,0.4123968382300886,3.5317050869897407e-05,0.0059428150627373055,0.004202204830199107,2
57.349397590361455,0.4134715525791328,2.7787626088444608e-05,0.0052713969769354885,0.0037274405487173505,2
57.590361445783145,0.41451427974409577,1.8427694320355047e-05,0.004292749039992327,0.0030354319561106164,2
57.83132530120482,0.41556758199341615,9.517735241412238e-06,0.0030850826960411026,0.00218148289489194,2
58.07228915662651,0.4166763265106539,3.0195053472487563e-06,0.0017376723935335903,0.0012287199329482606,2
58.3132530120482,0.4178830037227389,1.1756682307948978e-07,0.00034288018764502826,0.00024245290581831534,2
58.55421686746988,0.41922325202653093,1.0231217244700798e-06,0.0010114947970553678,0.0007152348301327612,2
58.79518072289157,0.4207221545637493,5.057248686972249e-06,0.002248832738771883,0.0015901648793399143,2
59.03614457831326,0.4223917719337311,1.0947609371240248e-05,0.003308717179095283,0.002339616354366699,2
59.277108433734945,0.42423021087562784,1.7222558890799155e-05,0.004150007095270941,0.002934498159038369,2
59.518072289156635,0.42622232610738836,2.257980451737046e-05,0.004751821179018678,0.0033600449786699623,2
59.759036144578324,0.4283419381253441,2.613791387855281e-05,0.005112525195884399,0.00361510123499694,2
60.0,0.43055525156568697,2.753122332548307e-05,0.005247020423581661,0.0037102037225389033,2
60.24096385542169,0.43282500125972867,2.686139129644988e-05,0.0051827976322108005,0.0036647913512538387,2
60.48192771084338,0.4351147553813485,2.4555281798907256e-05,0.004955328626731759,0.0035039464749698486,2
60.72289156626506,0.43739277913472024,2.119131911927464e-05,0.004603402993359873,0.0032550974731392172,2
60.96385542168676,0.43963491269605637,1.734702667668062e-05,0.004164976191610298,0.002945082908568163,2
61.20481927710844,0.44182604013301907,1.3498139199744434e-05,0.0036739813826072165,0.0025978971495946904,2
61.445783132530124,0.4439599103228459,9.975409047550936e-06,0.0031583870959005227,0.002233316933123346,2
61.68674698795182,0.44603729730935643,6.967389364103503e-06,0.0026395812857541445,0.0018664658266498615,2
61.927710843373504,0.4480627301628264,4.549521731896585e-06,0.0021329607900513747,0.0015082310386503428,2
62.16867469879518,0.4500402506079305,2.7206377924321085e-06,0.0016494355981462594,0.001166327096579709,2
62.40963855421688,0.45196883841074126,1.4338772750981228e-06,0.0011974461470555253,0.0008467222906886657,2
62.65060240963856,0.4538382505764954,6.163110477637703e-07,0.0007850548055796934,0.0005551175766284878,2
62.89156626506024,0.45562602918846395,1.7784056082791957e-07,0.00042171146632255513,0.0002981950375408011,2
63.132530120481924,0.45729633430659344,1.4255219312329003e-08,0.00011939522315540518,8.44251719344681e-05,2
63.37349397590362,0.45880105731169607,1.1454201797664758e-08,0.0001070243047053554,7.567761160893212e-05,2
63.6144578313253,0.46008338604802024,5.770127897894492e-08,0.00024021090520404131,0.00016985475998473654,2
63.855421686746986,0.46108365901632176,6.835256192912944e-08,0.00026144322888368987,0.00018486828003896373,2
64.09638554216868,0.46174700399421,2.3144869880389076e-08,0.00015213438099387355,0.00010757525245238579,2
64.33734939759036,0.4620319529590854,1.0913799303562834e-08,0.00010446913086439857,7.387083085888108e-05,2
64.57831325301206,0.46191900384151496,2.721248498268077e-07,0.000521655872991772,0.0003688664052382703,2
64.81927710843374,0.46141799574841036,1.2273984102509e-06,0.0011078801425474238,0.0007833895615372023,2
65.06024096385542,0.4605731996249165,3.48111851794564e-06,0.0018657755808096643,0.001319302565362783,2
65.30120481927712,0.4594652056225394,7.793009879851201e-06,0.0027915962960018414,0.0019739566712381504,2
65.5421686746988,0.45820899812325333,1.5016152832272887e-05,0.0038750681067915294,0.0027400869358720067,2
65.78313253012048,0.4569480184927732,2.6005864984384784e-05,0.005099594590198792,0.003605957916031798,2
66.02409638554217,0.4558444790979739,4.150903028834777e-05,0.006442750211543807,0.0045557123640736896,2
66.26506024096386,0.4550666557644399,6.204713013842513e-05,0.007877000072262608,0.005569880166503814,2
66.50602409638554,0.45477429283784954,8.780818814645716e-05,0.009370602336373962,0.006626016455852534,2
66.74698795180723,0.4551035527634173,0.00011856300689694825,0.010888664146576854,0.007699448256107324,2
66.98795180722892,0.4561530889727152,0.00015361933661517139,0.0123943267915273,0.008764112522531058,2
67.2289156626506,0.45797279175334815,0.0001918238419089153,0.01385004844428045,0.009793463174712897,2
67.46987951807229,0.46055654693840553,0.00023161601765701146,0.015218936153917312,0.010761412956880045,2
67.71084337349399,0.4638399737832583,0.00027113114052803314,0.016466060261277837,0.011643262870175893,2
67.95180722891567,0.4677036090241179,0.0003083420985103552,0.017559672505783108,0.01241656350425421,2
68.19277108433735,0.47198143326635195,0.00034122402563895846,0.018472250150941505,0.013061853345504963,2
68.43373493975903,0.47647405837993884,0.00036792244135322303,0.019181304474754135,0.013563230466102517,2
68.67469879518073,0.4809653778829434,0.0003869057470944863,0.019669919854805873,0.013908733714729142,2
68.91566265060241,0.48524108782396674,0.00039708622395311555,0.019927022455778876,0.01409053270733785,2
69.1566265060241,0.48910726109992775,0.00039789903716039635,0.019947406777834464,0.014104946599693248,2
69.3975903614458,0.49240713117141677,0.0003893347371764518,0.019731567022830493,0.013952324845280297,2
69.63855421686748,0.4950344160009794,0.0003719260756189581,0.019285385026463903,0.01363682653000613,2
69.87951807228916,0.4969418699855942,0.0003466939236931327,0.018619718679215663,0.01316612934185922,2
70.12048192771086,0.4981442496147983,0.0003150596467554863,0.01774991962673314,0.012551088533579195,2
70.36144578313254,0.49871546043586645,0.0002787328427300371,0.016695294029457436,0.011805355622132632,2
70.60240963855422,0.49878025270540555,0.0002395843383599532,0.015478512149426804,0.010944960903538055,2
70.8433734939759,0.49850138414627254,0.00019951493084119864,0.014124975427985659,0.009987865909222016,2
71.08433734939759,0.49806361094088836,0.0001603303689084074,0.012662162884294587,0.008953501239973315,2
71.32530120481928,0.4976561567350746,0.0001236320921279391,0.01111899690295573,0.007862318110072217,2
71.56626506024097,0.4974554167960825,9.07310247527176e-05,0.009525283447368776,0.006735392518358436,2
71.80722891566265,0.49760957424131724,6.258842382559394e-05,0.007911284587574507,0.005594122979770553,2
72.04819277108435,0.49822655181894415,3.9784122117848274e-05,0.0063074655859424456,0.0044600516879206836,2
72.28915662650603,0.49936632877895804,2.2509551901174512e-05,0.004744423242204948,0.0033548138473821843,2
72.53012048192771,0.5010381647665277,1.0581693734090262e-05,0.0032529515419216226,0.002300184094164015,2
72.77108433734941,0.5032027469333074,3.4750378092235566e-06,0.0018641453294267474,0.0013181498035548835,2
73.01204819277109,0.5057787707455097,3.713643015280397e-07,0.0006093966700992381,0.00043090851785967265,2
73.25301204819277,0.5086530337597353,2.3028883720741113e-07,0.0004798841914539498,0.0003393293659613113,2
73.49397590361447,0.5116928099086056,1.8850749851367846e-06,0.0013729803294791898,0.0009708437014104754,2
73.73493975903615,0.5147591100858726,4.1661722161990706e-06,0.0020411203335911066,0.0014432900291000193,2
73.97590361445783,0.5177194356079804,6.048141258239898e-06,0.0024592969032306566,0.0017389855172254738,2
74.21686746987953,0.5204587876065996,6.804652726742341e-06,0.0026085729291592252,0.0018445396074281434,2
74.45783132530121,0.5228879821592495,6.143887156195213e-06,0.0024786865788548607,0.001752696088344356,2
74.6987951807229,0.5249486972516104,4.287680683635938e-06,0.0020706715537805453,0.0014641858972883083,2
74.9397590361446,0.5266150927532139,1.9576069935204937e-06,0.001399145093805676,0.0009893449836938816,2
75.18072289156628,0.5278922445622061,2.4393442064091646e-07,0.0004938971761823674,0.00034923804248743895,2
75.42168674698794,0.528811969178496,3.5946557220983733e-07,0.0005995544781000617,0.000423949037155315,2
75.66265060240966,0.5294268464020262,3.314945368744977e-06,0.0018206991428418307,0.001287428710403993,2
75.90361445783132,0.5298033530098796,9.586411483886779e-06,0.0030961930630835632,0.0021893391107691354,2
76.144578313253,0.5300149954594957,1.8865414818231786e-05,0.004343433528699592,0.003071271301776496,2
76.3855421686747,0.5301361899530472,2.9979781591709673e-05,0.005475379584258033,0.0038716780335992344,2
76.62650602409639,0.5302374142808849,4.1040729985351965e-05,0.006406303925459045,0.004529940948034089,2
76.86746987951807,0.530381888551287,4.9815902140196025e-05,0.007058038122608579,0.0049907866183696945,2
77.10843373493977,0.530623775241043,5.426077190084796e-05,0.007366191139309919,0.005208683706122303,2
77.34939759036145,0.5310076631191316,5.308273190770872e-05,0.0072857897243681635,0.005151831320399995,2
77.59036144578313,0.5315689447704446,4.61830832747456e-05,0.006795813658035776,0.004805365921277255,2
77.83132530120483,0.5323346301056421,3.483570085950319e-05,0.005902177637067796,0.004173469830938231,2
78.07228915662651,0.5333241596265825,2.151880632740216e-05,0.004638836742913266,0.0032801529177312874,2
78.3132530120482,0.5345498786366671,9.405569383177938e-06,0.0030668500751060424,0.002168590484989955,2
78.55421686746989,0.536016983799311,1.6164819343029627e-06,0.0012714094282735844,0.0008990222283967628,2
78.79518072289157,0.537722927352723,4.134388695521774e-07,0.0006429921224651025,0.000454664090044605,2
79.03614457831326,0.5396564318427548,6.5481234904677895e-06,0.0025589301456795943,0.001809436858592721,2
79.27710843373495,0.5417964028811246,1.8953158129025647e-05,0.004353522496671591,0.0030784052794446707,2
79.51807228915663,0.544111109217445,3.48867207257132e-05,0.005906498177914998,0.004176524914669682,2
79.75903614457832,0.5465580167774485,5.0528193173089105e-05,0.007108318589729157,0.0050263402776318826,2
80.00000000000001,0.5490846135448885,6.190241678555007e-05,0.007867808893557982,0.005563381021714676,2
80.24096385542168,0.5516304509594262,6.591469433337262e-05,0.008118786506207232,0.005740848993544971,2
80.48192771084338,0.55413046801006,6.123417338477097e-05,0.007825226730566404,0.005533270885505741,2
80.72289156626506,0.556519475787661,4.878435769868446e-05,0.006984579994436635,0.004938843877806042,2
80.96385542168674,0.5587374869248112,3.168509803231395e-05,0.005628951770295598,0.003980269967748039,2
81.20481927710843,0.5607354027067522,1.4622799053141579e-05,0.0038239768635729976,0.0027039599713329318,2
81.44578313253012,0.5624804471179872,2.773439460311649e-06,0.0016653646628626564,0.0011775906462586328,2
81.6867469879518,0.5639606844383105,5.281553976123564e-07,0.0007267430065795999,0.0005138849081323348,2
81.92771084337349,0.5651879903721904,1.0338057323105713e-05,0.003215284952085229,0.002273549793066529,2
82.16867469879519,0.5661989700961556,3.1981060472511775e-05,0.005655179968180657,0.0039988161043308665,2
82.40963855421687,0.5670535206489556,6.245719843985849e-05,0.007902986678456347,0.005588255471963432,2
82.65060240963855,0.5678309969208106,9.656215349719034e-05,0.009826604372680847,0.0069484585879600064,2
82.89156626506025,0.5686242263752367,0.0001280126004011317,0.011314265349598784,0.008000393752845284,2
83.13253012048193,0.5695318879484195,0.00015085025702649856,0.012282111260955852,0.008684764159909542,2
83.37349397590361,0.5706499864049979,0.0001607762663130939,0.012679758133067598,0.008965942959697376,2
83.61445783132531,0.5720632832770736,0.00015608567593148963,0.012493425308196693,0.008834185755673513,2
83.855421686747,0.5738375706583049,0.00013797821125436296,0.011746412697260511,0.008305968072848672,2
84.09638554216868,0.5760135914729312,0.00011018562901224018,0.010496934267310631,0.007422453402084791,2
84.33734939759037,0.578603231748599,7.80312362392763e-05,0.008833529093135783,0.006246248323564966,2
84.57831325301206,0.5815883617674423,4.717565474470508e-05,0.006868453591945212,0.004856730111129559,2
84.81927710843372,0.5849224163935041,2.2369068109336312e-05,0.004729594920216351,0.00334432864035043,2
85.06024096385543,0.588534515407541,6.510297937989093e-06,0.0025515285493188378,0.0018042031396144243,2
85.3012048192771,0.5923356649556695,2.175032457320481e-07,0.0004663724324314722,0.0003297751095307589,2
85.54216867469879,0.5962263779538992,1.9738250560933247e-06,0.00140492884378296,0.0009934347125235066,2
85.78313253012048,0.6001049233484987,8.763467242231863e-06,0.002960315395736046,0.002093259090775896,2
86.02409638554217,0.6038753718284315,1.6997755616676447e-05,0.004122833445177776,0.0029152834867879015,2
86.26506024096386,0.6074546508240354,2.347394605235541e-05,0.004844991852661407,0.0034259265938104545,2
86.50602409638554,0.6107779483443221,2.6122357809040912e-05,0.00511100360096145,0.0036140253049087045,2
86.74698795180723,0.6138019999314965,2.4371952372986058e-05,0.004936795759699408,0.003490841759016445,2
86.98795180722892,0.6165060355829705,1.9077763825050214e-05,0.004367809957524504,0.003088508039899703,2
87.2289156626506,0.6188904282945001,1.2073919109828108e-05,0.0034747545395075186,0.0024570224978445053,2
87.46987951807229,0.620973343783723,5.511245864580297e-06,0.0023476042819394194,0.001660006907301939,2
87.71084337349399,0.6227859122579551,1.1843251897363275e-06,0.0010882670580957265,0.0007695210165214227,2
87.95180722891567,0.6243666010259752,3.9029631324741484e-08,0.00019755918435937492,0.00013969543894619733,2
88.19277108433735,0.6257555412634668,1.984550364570516e-06,0.0014087407016802334,0.000996130103091588,2
88.43373493975905,0.62698954312431,6.035070803597749e-06,0.002456638110019005,0.0017371054665157421,2
88.67469879518073,0.6280984222982964,1.070589175166361e-05,0.0032719859033412124,0.0023136434201993625,2
88.91566265060241,0.6291030717774316,1.4517275309978094e-05,0.0038101542370326813,0.002694185898372465,2
89.15662650602411,0.6300154692096884,1.643764410044969e-05,0.004054336456246532,0.002866848801423759,2
89.3975903614458,0.6308405442113714,1.6131173003507907e-05,0.004016363156327862,0.0028399976235472368,2
89.63855421686749,0.6315795756151721,1.3950506875014846e-05,0.003735037734081792,0.002641070509756872,2
89.87951807228917,0.6322345781883101,1.0706666438199269e-05,0.003272104282904087,0.002313727127191025,2
90.12048192771084,0.6328129979617363,7.323392854588503e-06,0.0027061767966244377,0.0019135559639828282,2
90.36144578313255,0.6333319816558116,4.516291537189808e-06,0.002125156826493002,0.0015027128030980848,2
90.60240963855422,0.6338215243953347,2.6173503917438146e-06,0.0016178227318664473,0.0011439734244605105,2
90.8433734939759,0.6343259255471487,1.6011564554631006e-06,0.0012653681106551962,0.0008947503717414988,2
91.0843373493976,0.6349031799565554,1.2852450695959968e-06,0.0011336864952869452,0.0008016374085570098,2
91.32530120481928,0.6356221785886825,1.605640927716846e-06,0.0012671388746766654,0.0008960024909889609,2
91.56626506024097,0.6365578613626581,2.837218531207405e-06,0.0016844045034395405,0.0011910538466432584,2
91.80722891566266,0.6377847265751639,5.6492606639023954e-06,0.0023768173391959246,0.0016806636581872046,2
92.04819277108435,0.6393693270831702,1.0951804160206512e-05,0.003309351017980189,0.0023400645461403957,2
92.28915662650603,0.6413625476478719,1.957318649162145e-05,0.004424159410737982,0.003128353120383107,2
92.53012048192772,0.6437925401078911,3.1881077737151984e-05,0.005646333123112024,0.003992560440190729,2
92.77108433734941,0.6466591804050219,4.7490267066498895e-05,0.006891318238660793,0.004872897857871581,2
93.01204819277109,0.6499308003534617,6.517787122630421e-05,0.008073281317178549,0.005708671965803614,2
93.25301204819279,0.6535437444464844,8.305785206134998e-05,0.009113608070426882,0.006444294067675294,2
93.49397590361447,0.6574050257303926,9.897664745107304e-05,0.009948700792117182,0.007034793794102036,2
93.73493975903615,0.6613980321998689,0.00011101350864854917,0.010536294825437886,0.0074502855196478595,2
93.97590361445785,0.6653909006375001,0.00011793189355844083,0.010859645185660571,0.007678928752060434,2
94.21686746987953,0.6692468658918473,0.0001194459535557324,0.010929133248146095,0.007728064232255461,2
94.45783132530121,0.6728356466300827,0.00011623203129808676,0.010781096015623215,0.007623386101270444,2
94.69879518072291,0.6760447742835154,0.00010970395739288343,0.010473965695613263,0.0074062121692834125,2
94.9397590361446,0.6787897313442357,0.00010164868615459923,0.010082097309320082,0.007129119376002874,2
95.18072289156626,0.6810218471538807,9.385587675039085e-05,0.009687924274600357,0.006850396950191676,2
95.42168674698797,0.6827330989405175,8.785842987209171e-05,0.009373282769237878,0.006627911808107124,2
95.66265060240964,0.6839572647230285,8.483986131161214e-05,0.009210855623209613,0.0065130584717017605,2
95.90361445783132,0.6847672426088631,8.568622529272819e-05,0.009256685437710854,0.006545465044316109,2
96.14457831325302,0.685268748936402,9.109917337476615e-05,0.009544588695945266,0.006749043390539364,2
96.3855421686747,0.6855909918198575,0.00010166847538488764,0.010083078666007106,0.007129813299971032,2
96.62650602409639,0.6858752430475783,0.00011783324129482517,0.010855102085877644,0.0076757162953963185,2
96.86746987951808,0.6862624610606478,0.00013972547069494536,0.011820552892946479,0.008358393107976717,2
97.10843373493977,0.6868812218673521,0.00016695720500467645,0.012921192089148603,0.00913666254725095,2
97.34939759036145,0.6878371782101145,0.00019845263188172525,0.014087321671692077,0.009961240682809678,2
97.59036144578315,0.6892050917755048,0.00023242129131071114,0.015245369503908757,0.010780104157908473,2
97.83132530120483,0.6910241878589466,0.0002665207779366082,0.01632546409559643,0.011543846368013743,2
98.07228915662651,0.6932972015503152,0.0002981879532303862,0.017268119562661888,0.0122104044410983,2
98.31325301204821,0.6959930657425438,0.0003250556826967086,0.018029300671315807,0.01274864076473858,2
98.55421686746989,0.6990527861177236,0.0003453416726816969,0.018583370864342585,0.013140427555481154,2
98.79518072289157,0.702397706932341,0.00035810672971452314,0.018923708138589623,0.013381082349991781,2
99.03614457831327,0.7059391349725799,0.000363324251125129,0.019061066369044755,0.013478209286198388,2
99.27710843373495,0.7095881835046609,0.00036176140919480705,0.01902002652981344,0.01344918973757912,2
99.51807228915662,0.7132647309594863,0.00035472304928919776,0.018834092738679975,0.013317714693016923,2
99.75903614457833,0.7169045492492363,0.00034373608244793236,0.018540120885472466,0.013109845202135918,2
100.0,0.7204639168413174,0.00033025111036945126,0.018172812395703952,0.012850118878233212,2
